{
  "type": "FeatureCollection",
  "features": [
    {
      "type": "Feature",
      "properties": {
        "GRID_ID": 1,
        "GRID_X": 1603500.0,
        "GRID_Y": 540500.0,
        "SPACING_M": 500
      },
      "geometry": {
        "type": "Point",
        "coordinates": [
          -117.64349116301702,
          49.5598284433631
        ]
      }
    },
    {
      "type": "Feature",
      "properties": {
        "GRID_ID": 2,
        "GRID_X": 1603500.0,
        "GRID_Y": 541000.0,
        "SPACING_M": 500
      },
      "geometry": {
        "type": "Point",
        "coordinates": [
          -117.64267761470795,
          49.56429511523633
        ]
      }
    },
    {
      "type": "Feature",
      "properties": {
        "GRID_ID": 3,
        "GRID_X": 1603500.0,
        "GRID_Y": 541500.0,
        "SPACING_M": 500
      },
      "geometry": {
        "type": "Point",
        "coordinates": [
          -117.64186390871419,
          49.56876175220061
        ]
      }
    },
    {
      "type": "Feature",
      "properties": {
        "GRID_ID": 4,
        "GRID_X": 1604000.0,
        "GRID_Y": 538500.0,
        "SPACING_M": 500
      },
      "geometry": {
        "type": "Point",
        "coordinates": [
          -117.63988724375962,
          49.5414316554003
        ]
      }
    },
    {
      "type": "Feature",
      "properties": {
        "GRID_ID": 5,
        "GRID_X": 1604000.0,
        "GRID_Y": 539000.0,
        "SPACING_M": 500
      },
      "geometry": {
        "type": "Point",
        "coordinates": [
          -117.63907367092304,
          49.54589841921097
        ]
      }
    },
    {
      "type": "Feature",
      "properties": {
        "GRID_ID": 6,
        "GRID_X": 1604000.0,
        "GRID_Y": 539500.0,
        "SPACING_M": 500
      },
      "geometry": {
        "type": "Point",
        "coordinates": [
          -117.63825994046086,
          49.55036514802656
        ]
      }
    },
    {
      "type": "Feature",
      "properties": {
        "GRID_ID": 7,
        "GRID_X": 1604000.0,
        "GRID_Y": 540000.0,
        "SPACING_M": 500
      },
      "geometry": {
        "type": "Point",
        "coordinates": [
          -117.63744605232752,
          49.55483184186568
        ]
      }
    },
    {
      "type": "Feature",
      "properties": {
        "GRID_ID": 8,
        "GRID_X": 1604000.0,
        "GRID_Y": 540500.0,
        "SPACING_M": 500
      },
      "geometry": {
        "type": "Point",
        "coordinates": [
          -117.63663200647737,
          49.55929850074698
        ]
      }
    },
    {
      "type": "Feature",
      "properties": {
        "GRID_ID": 9,
        "GRID_X": 1604000.0,
        "GRID_Y": 541000.0,
        "SPACING_M": 500
      },
      "geometry": {
        "type": "Point",
        "coordinates": [
          -117.6358178028648,
          49.56376512468906
        ]
      }
    },
    {
      "type": "Feature",
      "properties": {
        "GRID_ID": 10,
        "GRID_X": 1604000.0,
        "GRID_Y": 541500.0,
        "SPACING_M": 500
      },
      "geometry": {
        "type": "Point",
        "coordinates": [
          -117.63500344144417,
          49.56823171371058
        ]
      }
    },
    {
      "type": "Feature",
      "properties": {
        "GRID_ID": 11,
        "GRID_X": 1604000.0,
        "GRID_Y": 542000.0,
        "SPACING_M": 500
      },
      "geometry": {
        "type": "Point",
        "coordinates": [
          -117.6341889221698,
          49.57269826783012
        ]
      }
    },
    {
      "type": "Feature",
      "properties": {
        "GRID_ID": 12,
        "GRID_X": 1604500.0,
        "GRID_Y": 537000.0,
        "SPACING_M": 500
      },
      "geometry": {
        "type": "Point",
        "coordinates": [
          -117.63547260154805,
          49.52750111346956
        ]
      }
    },
    {
      "type": "Feature",
      "properties": {
        "GRID_ID": 13,
        "GRID_X": 1604500.0,
        "GRID_Y": 537500.0,
        "SPACING_M": 500
      },
      "geometry": {
        "type": "Point",
        "coordinates": [
          -117.6346588469195,
          49.531967934489515
        ]
      }
    },
    {
      "type": "Feature",
      "properties": {
        "GRID_ID": 14,
        "GRID_X": 1604500.0,
        "GRID_Y": 538000.0,
        "SPACING_M": 500
      },
      "geometry": {
        "type": "Point",
        "coordinates": [
          -117.63384493467899,
          49.53643472044695
        ]
      }
    },
    {
      "type": "Feature",
      "properties": {
        "GRID_ID": 15,
        "GRID_X": 1604500.0,
        "GRID_Y": 538500.0,
        "SPACING_M": 500
      },
      "geometry": {
        "type": "Point",
        "coordinates": [
          -117.63303086478084,
          49.540901471360485
        ]
      }
    },
    {
      "type": "Feature",
      "properties": {
        "GRID_ID": 16,
        "GRID_X": 1604500.0,
        "GRID_Y": 539000.0,
        "SPACING_M": 500
      },
      "geometry": {
        "type": "Point",
        "coordinates": [
          -117.63221663717952,
          49.54536818724877
        ]
      }
    },
    {
      "type": "Feature",
      "properties": {
        "GRID_ID": 17,
        "GRID_X": 1604500.0,
        "GRID_Y": 539500.0,
        "SPACING_M": 500
      },
      "geometry": {
        "type": "Point",
        "coordinates": [
          -117.6314022518294,
          49.549834868130354
        ]
      }
    },
    {
      "type": "Feature",
      "properties": {
        "GRID_ID": 18,
        "GRID_X": 1604500.0,
        "GRID_Y": 540000.0,
        "SPACING_M": 500
      },
      "geometry": {
        "type": "Point",
        "coordinates": [
          -117.63058770868483,
          49.55430151402391
        ]
      }
    },
    {
      "type": "Feature",
      "properties": {
        "GRID_ID": 19,
        "GRID_X": 1604500.0,
        "GRID_Y": 540500.0,
        "SPACING_M": 500
      },
      "geometry": {
        "type": "Point",
        "coordinates": [
          -117.62977300770018,
          49.55876812494795
        ]
      }
    },
    {
      "type": "Feature",
      "properties": {
        "GRID_ID": 20,
        "GRID_X": 1604500.0,
        "GRID_Y": 541000.0,
        "SPACING_M": 500
      },
      "geometry": {
        "type": "Point",
        "coordinates": [
          -117.62895814882977,
          49.56323470092121
        ]
      }
    },
    {
      "type": "Feature",
      "properties": {
        "GRID_ID": 21,
        "GRID_X": 1604500.0,
        "GRID_Y": 541500.0,
        "SPACING_M": 500
      },
      "geometry": {
        "type": "Point",
        "coordinates": [
          -117.6281431320279,
          49.56770124196214
        ]
      }
    },
    {
      "type": "Feature",
      "properties": {
        "GRID_ID": 22,
        "GRID_X": 1604500.0,
        "GRID_Y": 542000.0,
        "SPACING_M": 500
      },
      "geometry": {
        "type": "Point",
        "coordinates": [
          -117.6273279572489,
          49.57216774808961
        ]
      }
    },
    {
      "type": "Feature",
      "properties": {
        "GRID_ID": 23,
        "GRID_X": 1604500.0,
        "GRID_Y": 542500.0,
        "SPACING_M": 500
      },
      "geometry": {
        "type": "Point",
        "coordinates": [
          -117.62651262444705,
          49.576634219321996
        ]
      }
    },
    {
      "type": "Feature",
      "properties": {
        "GRID_ID": 24,
        "GRID_X": 1605000.0,
        "GRID_Y": 536500.0,
        "SPACING_M": 500
      },
      "geometry": {
        "type": "Point",
        "coordinates": [
          -117.62943259497955,
          49.52250383203474
        ]
      }
    },
    {
      "type": "Feature",
      "properties": {
        "GRID_ID": 25,
        "GRID_X": 1605000.0,
        "GRID_Y": 537000.0,
        "SPACING_M": 500
      },
      "geometry": {
        "type": "Point",
        "coordinates": [
          -117.62861834369086,
          49.52697064022217
        ]
      }
    },
    {
      "type": "Feature",
      "properties": {
        "GRID_ID": 26,
        "GRID_X": 1605000.0,
        "GRID_Y": 537500.0,
        "SPACING_M": 500
      },
      "geometry": {
        "type": "Point",
        "coordinates": [
          -117.62780393471266,
          49.531437413316894
        ]
      }
    },
    {
      "type": "Feature",
      "properties": {
        "GRID_ID": 27,
        "GRID_X": 1605000.0,
        "GRID_Y": 538000.0,
        "SPACING_M": 500
      },
      "geometry": {
        "type": "Point",
        "coordinates": [
          -117.62698936799933,
          49.53590415133754
        ]
      }
    },
    {
      "type": "Feature",
      "properties": {
        "GRID_ID": 28,
        "GRID_X": 1605000.0,
        "GRID_Y": 538500.0,
        "SPACING_M": 500
      },
      "geometry": {
        "type": "Point",
        "coordinates": [
          -117.62617464350527,
          49.54037085430262
        ]
      }
    },
    {
      "type": "Feature",
      "properties": {
        "GRID_ID": 29,
        "GRID_X": 1605000.0,
        "GRID_Y": 539000.0,
        "SPACING_M": 500
      },
      "geometry": {
        "type": "Point",
        "coordinates": [
          -117.62535976118482,
          49.54483752223079
        ]
      }
    },
    {
      "type": "Feature",
      "properties": {
        "GRID_ID": 30,
        "GRID_X": 1605000.0,
        "GRID_Y": 539500.0,
        "SPACING_M": 500
      },
      "geometry": {
        "type": "Point",
        "coordinates": [
          -117.62454472099238,
          49.54930415514073
        ]
      }
    },
    {
      "type": "Feature",
      "properties": {
        "GRID_ID": 31,
        "GRID_X": 1605000.0,
        "GRID_Y": 540000.0,
        "SPACING_M": 500
      },
      "geometry": {
        "type": "Point",
        "coordinates": [
          -117.62372952288224,
          49.553770753050905
        ]
      }
    },
    {
      "type": "Feature",
      "properties": {
        "GRID_ID": 32,
        "GRID_X": 1605000.0,
        "GRID_Y": 540500.0,
        "SPACING_M": 500
      },
      "geometry": {
        "type": "Point",
        "coordinates": [
          -117.62291416680873,
          49.55823731598
        ]
      }
    },
    {
      "type": "Feature",
      "properties": {
        "GRID_ID": 33,
        "GRID_X": 1605000.0,
        "GRID_Y": 541000.0,
        "SPACING_M": 500
      },
      "geometry": {
        "type": "Point",
        "coordinates": [
          -117.62209865272614,
          49.56270384394659
        ]
      }
    },
    {
      "type": "Feature",
      "properties": {
        "GRID_ID": 34,
        "GRID_X": 1605000.0,
        "GRID_Y": 541500.0,
        "SPACING_M": 500
      },
      "geometry": {
        "type": "Point",
        "coordinates": [
          -117.62128298058876,
          49.56717033696928
        ]
      }
    },
    {
      "type": "Feature",
      "properties": {
        "GRID_ID": 35,
        "GRID_X": 1605000.0,
        "GRID_Y": 542000.0,
        "SPACING_M": 500
      },
      "geometry": {
        "type": "Point",
        "coordinates": [
          -117.62046715035088,
          49.571636795066745
        ]
      }
    },
    {
      "type": "Feature",
      "properties": {
        "GRID_ID": 36,
        "GRID_X": 1605000.0,
        "GRID_Y": 542500.0,
        "SPACING_M": 500
      },
      "geometry": {
        "type": "Point",
        "coordinates": [
          -117.6196511619667,
          49.57610321825762
        ]
      }
    },
    {
      "type": "Feature",
      "properties": {
        "GRID_ID": 37,
        "GRID_X": 1605000.0,
        "GRID_Y": 543000.0,
        "SPACING_M": 500
      },
      "geometry": {
        "type": "Point",
        "coordinates": [
          -117.61883501539046,
          49.580569606560424
        ]
      }
    },
    {
      "type": "Feature",
      "properties": {
        "GRID_ID": 38,
        "GRID_X": 1605500.0,
        "GRID_Y": 536000.0,
        "SPACING_M": 500
      },
      "geometry": {
        "type": "Point",
        "coordinates": [
          -117.62339389669566,
          49.51750617848835
        ]
      }
    },
    {
      "type": "Feature",
      "properties": {
        "GRID_ID": 39,
        "GRID_X": 1605500.0,
        "GRID_Y": 536500.0,
        "SPACING_M": 500
      },
      "geometry": {
        "type": "Point",
        "coordinates": [
          -117.62257914899294,
          49.521972973847475
        ]
      }
    },
    {
      "type": "Feature",
      "properties": {
        "GRID_ID": 40,
        "GRID_X": 1605500.0,
        "GRID_Y": 537000.0,
        "SPACING_M": 500
      },
      "geometry": {
        "type": "Point",
        "coordinates": [
          -117.62176424352323,
          49.526439734083596
        ]
      }
    },
    {
      "type": "Feature",
      "properties": {
        "GRID_ID": 41,
        "GRID_X": 1605500.0,
        "GRID_Y": 537500.0,
        "SPACING_M": 500
      },
      "geometry": {
        "type": "Point",
        "coordinates": [
          -117.62094918024094,
          49.53090645921549
        ]
      }
    },
    {
      "type": "Feature",
      "properties": {
        "GRID_ID": 42,
        "GRID_X": 1605500.0,
        "GRID_Y": 538000.0,
        "SPACING_M": 500
      },
      "geometry": {
        "type": "Point",
        "coordinates": [
          -117.62013395910044,
          49.53537314926163
        ]
      }
    },
    {
      "type": "Feature",
      "properties": {
        "GRID_ID": 43,
        "GRID_X": 1605500.0,
        "GRID_Y": 538500.0,
        "SPACING_M": 500
      },
      "geometry": {
        "type": "Point",
        "coordinates": [
          -117.61931858005606,
          49.53983980424057
        ]
      }
    },
    {
      "type": "Feature",
      "properties": {
        "GRID_ID": 44,
        "GRID_X": 1605500.0,
        "GRID_Y": 539000.0,
        "SPACING_M": 500
      },
      "geometry": {
        "type": "Point",
        "coordinates": [
          -117.61850304306216,
          49.54430642417102
        ]
      }
    },
    {
      "type": "Feature",
      "properties": {
        "GRID_ID": 45,
        "GRID_X": 1605500.0,
        "GRID_Y": 539500.0,
        "SPACING_M": 500
      },
      "geometry": {
        "type": "Point",
        "coordinates": [
          -117.61768734807303,
          49.54877300907152
        ]
      }
    },
    {
      "type": "Feature",
      "properties": {
        "GRID_ID": 46,
        "GRID_X": 1605500.0,
        "GRID_Y": 540000.0,
        "SPACING_M": 500
      },
      "geometry": {
        "type": "Point",
        "coordinates": [
          -117.61687149504301,
          49.55323955896063
        ]
      }
    },
    {
      "type": "Feature",
      "properties": {
        "GRID_ID": 47,
        "GRID_X": 1605500.0,
        "GRID_Y": 540500.0,
        "SPACING_M": 500
      },
      "geometry": {
        "type": "Point",
        "coordinates": [
          -117.61605548392635,
          49.557706073857
        ]
      }
    },
    {
      "type": "Feature",
      "properties": {
        "GRID_ID": 48,
        "GRID_X": 1605500.0,
        "GRID_Y": 541000.0,
        "SPACING_M": 500
      },
      "geometry": {
        "type": "Point",
        "coordinates": [
          -117.6152393146773,
          49.56217255377915
        ]
      }
    },
    {
      "type": "Feature",
      "properties": {
        "GRID_ID": 49,
        "GRID_X": 1605500.0,
        "GRID_Y": 541500.0,
        "SPACING_M": 500
      },
      "geometry": {
        "type": "Point",
        "coordinates": [
          -117.61442298725017,
          49.56663899874586
        ]
      }
    },
    {
      "type": "Feature",
      "properties": {
        "GRID_ID": 50,
        "GRID_X": 1605500.0,
        "GRID_Y": 542000.0,
        "SPACING_M": 500
      },
      "geometry": {
        "type": "Point",
        "coordinates": [
          -117.61360650159912,
          49.57110540877564
        ]
      }
    },
    {
      "type": "Feature",
      "properties": {
        "GRID_ID": 51,
        "GRID_X": 1605500.0,
        "GRID_Y": 542500.0,
        "SPACING_M": 500
      },
      "geometry": {
        "type": "Point",
        "coordinates": [
          -117.6127898576784,
          49.5755717838871
        ]
      }
    },
    {
      "type": "Feature",
      "properties": {
        "GRID_ID": 52,
        "GRID_X": 1605500.0,
        "GRID_Y": 543000.0,
        "SPACING_M": 500
      },
      "geometry": {
        "type": "Point",
        "coordinates": [
          -117.61197305544216,
          49.580038124098905
        ]
      }
    },
    {
      "type": "Feature",
      "properties": {
        "GRID_ID": 53,
        "GRID_X": 1605500.0,
        "GRID_Y": 543500.0,
        "SPACING_M": 500
      },
      "geometry": {
        "type": "Point",
        "coordinates": [
          -117.61115609484466,
          49.58450442942959
        ]
      }
    },
    {
      "type": "Feature",
      "properties": {
        "GRID_ID": 54,
        "GRID_X": 1606000.0,
        "GRID_Y": 535500.0,
        "SPACING_M": 500
      },
      "geometry": {
        "type": "Point",
        "coordinates": [
          -117.61735650635923,
          49.51250815290391
        ]
      }
    },
    {
      "type": "Feature",
      "properties": {
        "GRID_ID": 55,
        "GRID_X": 1606000.0,
        "GRID_Y": 536000.0,
        "SPACING_M": 500
      },
      "geometry": {
        "type": "Point",
        "coordinates": [
          -117.61654126248845,
          49.516974935438874
        ]
      }
    },
    {
      "type": "Feature",
      "properties": {
        "GRID_ID": 56,
        "GRID_X": 1606000.0,
        "GRID_Y": 536500.0,
        "SPACING_M": 500
      },
      "geometry": {
        "type": "Point",
        "coordinates": [
          -117.61572586077328,
          49.52144168282063
        ]
      }
    },
    {
      "type": "Feature",
      "properties": {
        "GRID_ID": 57,
        "GRID_X": 1606000.0,
        "GRID_Y": 537000.0,
        "SPACING_M": 500
      },
      "geometry": {
        "type": "Point",
        "coordinates": [
          -117.61491030116818,
          49.52590839506798
        ]
      }
    },
    {
      "type": "Feature",
      "properties": {
        "GRID_ID": 58,
        "GRID_X": 1606000.0,
        "GRID_Y": 537500.0,
        "SPACING_M": 500
      },
      "geometry": {
        "type": "Point",
        "coordinates": [
          -117.61409458362742,
          49.53037507219921
        ]
      }
    },
    {
      "type": "Feature",
      "properties": {
        "GRID_ID": 59,
        "GRID_X": 1606000.0,
        "GRID_Y": 538000.0,
        "SPACING_M": 500
      },
      "geometry": {
        "type": "Point",
        "coordinates": [
          -117.61327870810538,
          49.53484171423316
        ]
      }
    },
    {
      "type": "Feature",
      "properties": {
        "GRID_ID": 60,
        "GRID_X": 1606000.0,
        "GRID_Y": 538500.0,
        "SPACING_M": 500
      },
      "geometry": {
        "type": "Point",
        "coordinates": [
          -117.61246267455637,
          49.53930832118834
        ]
      }
    },
    {
      "type": "Feature",
      "properties": {
        "GRID_ID": 61,
        "GRID_X": 1606000.0,
        "GRID_Y": 539000.0,
        "SPACING_M": 500
      },
      "geometry": {
        "type": "Point",
        "coordinates": [
          -117.61164648293469,
          49.543774893083246
        ]
      }
    },
    {
      "type": "Feature",
      "properties": {
        "GRID_ID": 62,
        "GRID_X": 1606000.0,
        "GRID_Y": 539500.0,
        "SPACING_M": 500
      },
      "geometry": {
        "type": "Point",
        "coordinates": [
          -117.61083013319463,
          49.54824142993659
        ]
      }
    },
    {
      "type": "Feature",
      "properties": {
        "GRID_ID": 63,
        "GRID_X": 1606000.0,
        "GRID_Y": 540000.0,
        "SPACING_M": 500
      },
      "geometry": {
        "type": "Point",
        "coordinates": [
          -117.61001362529039,
          49.55270793176693
        ]
      }
    },
    {
      "type": "Feature",
      "properties": {
        "GRID_ID": 64,
        "GRID_X": 1606000.0,
        "GRID_Y": 540500.0,
        "SPACING_M": 500
      },
      "geometry": {
        "type": "Point",
        "coordinates": [
          -117.60919695917633,
          49.55717439859278
        ]
      }
    },
    {
      "type": "Feature",
      "properties": {
        "GRID_ID": 65,
        "GRID_X": 1606000.0,
        "GRID_Y": 541000.0,
        "SPACING_M": 500
      },
      "geometry": {
        "type": "Point",
        "coordinates": [
          -117.60838013480661,
          49.56164083043292
        ]
      }
    },
    {
      "type": "Feature",
      "properties": {
        "GRID_ID": 66,
        "GRID_X": 1606000.0,
        "GRID_Y": 541500.0,
        "SPACING_M": 500
      },
      "geometry": {
        "type": "Point",
        "coordinates": [
          -117.60756315213544,
          49.566107227305814
        ]
      }
    },
    {
      "type": "Feature",
      "properties": {
        "GRID_ID": 67,
        "GRID_X": 1606000.0,
        "GRID_Y": 542000.0,
        "SPACING_M": 500
      },
      "geometry": {
        "type": "Point",
        "coordinates": [
          -117.60674601111705,
          49.570573589230115
        ]
      }
    },
    {
      "type": "Feature",
      "properties": {
        "GRID_ID": 68,
        "GRID_X": 1606000.0,
        "GRID_Y": 542500.0,
        "SPACING_M": 500
      },
      "geometry": {
        "type": "Point",
        "coordinates": [
          -117.60592871170556,
          49.5750399162245
        ]
      }
    },
    {
      "type": "Feature",
      "properties": {
        "GRID_ID": 69,
        "GRID_X": 1606000.0,
        "GRID_Y": 543000.0,
        "SPACING_M": 500
      },
      "geometry": {
        "type": "Point",
        "coordinates": [
          -117.6051112538552,
          49.57950620830749
        ]
      }
    },
    {
      "type": "Feature",
      "properties": {
        "GRID_ID": 70,
        "GRID_X": 1606000.0,
        "GRID_Y": 543500.0,
        "SPACING_M": 500
      },
      "geometry": {
        "type": "Point",
        "coordinates": [
          -117.60429363752007,
          49.583972465497745
        ]
      }
    },
    {
      "type": "Feature",
      "properties": {
        "GRID_ID": 71,
        "GRID_X": 1606000.0,
        "GRID_Y": 544000.0,
        "SPACING_M": 500
      },
      "geometry": {
        "type": "Point",
        "coordinates": [
          -117.6034758626543,
          49.588438687813834
        ]
      }
    },
    {
      "type": "Feature",
      "properties": {
        "GRID_ID": 72,
        "GRID_X": 1606500.0,
        "GRID_Y": 534500.0,
        "SPACING_M": 500
      },
      "geometry": {
        "type": "Point",
        "coordinates": [
          -117.6121360055501,
          49.50304295043794
        ]
      }
    },
    {
      "type": "Feature",
      "properties": {
        "GRID_ID": 73,
        "GRID_X": 1606500.0,
        "GRID_Y": 535000.0,
        "SPACING_M": 500
      },
      "geometry": {
        "type": "Point",
        "coordinates": [
          -117.61132042363316,
          49.50750975535479
        ]
      }
    },
    {
      "type": "Feature",
      "properties": {
        "GRID_ID": 74,
        "GRID_X": 1606500.0,
        "GRID_Y": 535500.0,
        "SPACING_M": 500
      },
      "geometry": {
        "type": "Point",
        "coordinates": [
          -117.61050468384019,
          49.51197652506979
        ]
      }
    },
    {
      "type": "Feature",
      "properties": {
        "GRID_ID": 75,
        "GRID_X": 1606500.0,
        "GRID_Y": 536000.0,
        "SPACING_M": 500
      },
      "geometry": {
        "type": "Point",
        "coordinates": [
          -117.60968878612556,
          49.51644325960142
        ]
      }
    },
    {
      "type": "Feature",
      "properties": {
        "GRID_ID": 76,
        "GRID_X": 1606500.0,
        "GRID_Y": 536500.0,
        "SPACING_M": 500
      },
      "geometry": {
        "type": "Point",
        "coordinates": [
          -117.60887273044362,
          49.52090995896827
        ]
      }
    },
    {
      "type": "Feature",
      "properties": {
        "GRID_ID": 77,
        "GRID_X": 1606500.0,
        "GRID_Y": 537000.0,
        "SPACING_M": 500
      },
      "geometry": {
        "type": "Point",
        "coordinates": [
          -117.60805651674875,
          49.525376623189004
        ]
      }
    },
    {
      "type": "Feature",
      "properties": {
        "GRID_ID": 78,
        "GRID_X": 1606500.0,
        "GRID_Y": 537500.0,
        "SPACING_M": 500
      },
      "geometry": {
        "type": "Point",
        "coordinates": [
          -117.60724014499519,
          49.529843252282056
        ]
      }
    },
    {
      "type": "Feature",
      "properties": {
        "GRID_ID": 79,
        "GRID_X": 1606500.0,
        "GRID_Y": 538000.0,
        "SPACING_M": 500
      },
      "geometry": {
        "type": "Point",
        "coordinates": [
          -117.6064236151373,
          49.53430984626609
        ]
      }
    },
    {
      "type": "Feature",
      "properties": {
        "GRID_ID": 80,
        "GRID_X": 1606500.0,
        "GRID_Y": 538500.0,
        "SPACING_M": 500
      },
      "geometry": {
        "type": "Point",
        "coordinates": [
          -117.60560692712934,
          49.538776405159695
        ]
      }
    },
    {
      "type": "Feature",
      "properties": {
        "GRID_ID": 81,
        "GRID_X": 1606500.0,
        "GRID_Y": 539000.0,
        "SPACING_M": 500
      },
      "geometry": {
        "type": "Point",
        "coordinates": [
          -117.6047900809256,
          49.54324292898141
        ]
      }
    },
    {
      "type": "Feature",
      "properties": {
        "GRID_ID": 82,
        "GRID_X": 1606500.0,
        "GRID_Y": 539500.0,
        "SPACING_M": 500
      },
      "geometry": {
        "type": "Point",
        "coordinates": [
          -117.6039730764803,
          49.54770941774992
        ]
      }
    },
    {
      "type": "Feature",
      "properties": {
        "GRID_ID": 83,
        "GRID_X": 1606500.0,
        "GRID_Y": 540000.0,
        "SPACING_M": 500
      },
      "geometry": {
        "type": "Point",
        "coordinates": [
          -117.60315591374768,
          49.552175871483726
        ]
      }
    },
    {
      "type": "Feature",
      "properties": {
        "GRID_ID": 84,
        "GRID_X": 1606500.0,
        "GRID_Y": 540500.0,
        "SPACING_M": 500
      },
      "geometry": {
        "type": "Point",
        "coordinates": [
          -117.60233859268196,
          49.55664229020145
        ]
      }
    },
    {
      "type": "Feature",
      "properties": {
        "GRID_ID": 85,
        "GRID_X": 1606500.0,
        "GRID_Y": 541000.0,
        "SPACING_M": 500
      },
      "geometry": {
        "type": "Point",
        "coordinates": [
          -117.60152111323734,
          49.56110867392176
        ]
      }
    },
    {
      "type": "Feature",
      "properties": {
        "GRID_ID": 86,
        "GRID_X": 1606500.0,
        "GRID_Y": 541500.0,
        "SPACING_M": 500
      },
      "geometry": {
        "type": "Point",
        "coordinates": [
          -117.60070347536796,
          49.565575022663104
        ]
      }
    },
    {
      "type": "Feature",
      "properties": {
        "GRID_ID": 87,
        "GRID_X": 1606500.0,
        "GRID_Y": 542000.0,
        "SPACING_M": 500
      },
      "geometry": {
        "type": "Point",
        "coordinates": [
          -117.59988567902803,
          49.57004133644425
        ]
      }
    },
    {
      "type": "Feature",
      "properties": {
        "GRID_ID": 88,
        "GRID_X": 1606500.0,
        "GRID_Y": 542500.0,
        "SPACING_M": 500
      },
      "geometry": {
        "type": "Point",
        "coordinates": [
          -117.59906772417166,
          49.57450761528372
        ]
      }
    },
    {
      "type": "Feature",
      "properties": {
        "GRID_ID": 89,
        "GRID_X": 1606500.0,
        "GRID_Y": 543000.0,
        "SPACING_M": 500
      },
      "geometry": {
        "type": "Point",
        "coordinates": [
          -117.598249610753,
          49.578973859200154
        ]
      }
    },
    {
      "type": "Feature",
      "properties": {
        "GRID_ID": 90,
        "GRID_X": 1606500.0,
        "GRID_Y": 543500.0,
        "SPACING_M": 500
      },
      "geometry": {
        "type": "Point",
        "coordinates": [
          -117.59743133872612,
          49.58344006821208
        ]
      }
    },
    {
      "type": "Feature",
      "properties": {
        "GRID_ID": 91,
        "GRID_X": 1606500.0,
        "GRID_Y": 544000.0,
        "SPACING_M": 500
      },
      "geometry": {
        "type": "Point",
        "coordinates": [
          -117.59661290804516,
          49.58790624233828
        ]
      }
    },
    {
      "type": "Feature",
      "properties": {
        "GRID_ID": 92,
        "GRID_X": 1606500.0,
        "GRID_Y": 544500.0,
        "SPACING_M": 500
      },
      "geometry": {
        "type": "Point",
        "coordinates": [
          -117.59579431866418,
          49.59237238159725
        ]
      }
    },
    {
      "type": "Feature",
      "properties": {
        "GRID_ID": 93,
        "GRID_X": 1607000.0,
        "GRID_Y": 534000.0,
        "SPACING_M": 500
      },
      "geometry": {
        "type": "Point",
        "coordinates": [
          -117.60610172569649,
          49.49804419378307
        ]
      }
    },
    {
      "type": "Feature",
      "properties": {
        "GRID_ID": 94,
        "GRID_X": 1607000.0,
        "GRID_Y": 534500.0,
        "SPACING_M": 500
      },
      "geometry": {
        "type": "Point",
        "coordinates": [
          -117.6052856481804,
          49.50251098591434
        ]
      }
    },
    {
      "type": "Feature",
      "properties": {
        "GRID_ID": 95,
        "GRID_X": 1607000.0,
        "GRID_Y": 535000.0,
        "SPACING_M": 500
      },
      "geometry": {
        "type": "Point",
        "coordinates": [
          -117.60446941271104,
          49.50697774281353
        ]
      }
    },
    {
      "type": "Feature",
      "properties": {
        "GRID_ID": 96,
        "GRID_X": 1607000.0,
        "GRID_Y": 535500.0,
        "SPACING_M": 500
      },
      "geometry": {
        "type": "Point",
        "coordinates": [
          -117.6036530192428,
          49.511444464499206
        ]
      }
    },
    {
      "type": "Feature",
      "properties": {
        "GRID_ID": 97,
        "GRID_X": 1607000.0,
        "GRID_Y": 536000.0,
        "SPACING_M": 500
      },
      "geometry": {
        "type": "Point",
        "coordinates": [
          -117.60283646772999,
          49.51591115098986
        ]
      }
    },
    {
      "type": "Feature",
      "properties": {
        "GRID_ID": 98,
        "GRID_X": 1607000.0,
        "GRID_Y": 536500.0,
        "SPACING_M": 500
      },
      "geometry": {
        "type": "Point",
        "coordinates": [
          -117.60201975812694,
          49.52037780230414
        ]
      }
    },
    {
      "type": "Feature",
      "properties": {
        "GRID_ID": 99,
        "GRID_X": 1607000.0,
        "GRID_Y": 537000.0,
        "SPACING_M": 500
      },
      "geometry": {
        "type": "Point",
        "coordinates": [
          -117.60120289038794,
          49.524844418460624
        ]
      }
    },
    {
      "type": "Feature",
      "properties": {
        "GRID_ID": 100,
        "GRID_X": 1607000.0,
        "GRID_Y": 537500.0,
        "SPACING_M": 500
      },
      "geometry": {
        "type": "Point",
        "coordinates": [
          -117.60038586446731,
          49.52931099947776
        ]
      }
    },
    {
      "type": "Feature",
      "properties": {
        "GRID_ID": 101,
        "GRID_X": 1607000.0,
        "GRID_Y": 538000.0,
        "SPACING_M": 500
      },
      "geometry": {
        "type": "Point",
        "coordinates": [
          -117.59956868031928,
          49.533777545374264
        ]
      }
    },
    {
      "type": "Feature",
      "properties": {
        "GRID_ID": 102,
        "GRID_X": 1607000.0,
        "GRID_Y": 538500.0,
        "SPACING_M": 500
      },
      "geometry": {
        "type": "Point",
        "coordinates": [
          -117.59875133789812,
          49.538244056168665
        ]
      }
    },
    {
      "type": "Feature",
      "properties": {
        "GRID_ID": 103,
        "GRID_X": 1607000.0,
        "GRID_Y": 539000.0,
        "SPACING_M": 500
      },
      "geometry": {
        "type": "Point",
        "coordinates": [
          -117.59793383715805,
          49.54271053187953
        ]
      }
    },
    {
      "type": "Feature",
      "properties": {
        "GRID_ID": 104,
        "GRID_X": 1607000.0,
        "GRID_Y": 539500.0,
        "SPACING_M": 500
      },
      "geometry": {
        "type": "Point",
        "coordinates": [
          -117.59711617805331,
          49.547176972525484
        ]
      }
    },
    {
      "type": "Feature",
      "properties": {
        "GRID_ID": 105,
        "GRID_X": 1607000.0,
        "GRID_Y": 540000.0,
        "SPACING_M": 500
      },
      "geometry": {
        "type": "Point",
        "coordinates": [
          -117.59629836053807,
          49.5516433781251
        ]
      }
    },
    {
      "type": "Feature",
      "properties": {
        "GRID_ID": 106,
        "GRID_X": 1607000.0,
        "GRID_Y": 540500.0,
        "SPACING_M": 500
      },
      "geometry": {
        "type": "Point",
        "coordinates": [
          -117.5954803845665,
          49.55610974869689
        ]
      }
    },
    {
      "type": "Feature",
      "properties": {
        "GRID_ID": 107,
        "GRID_X": 1607000.0,
        "GRID_Y": 541000.0,
        "SPACING_M": 500
      },
      "geometry": {
        "type": "Point",
        "coordinates": [
          -117.59466225009277,
          49.56057608425959
        ]
      }
    },
    {
      "type": "Feature",
      "properties": {
        "GRID_ID": 108,
        "GRID_X": 1607000.0,
        "GRID_Y": 541500.0,
        "SPACING_M": 500
      },
      "geometry": {
        "type": "Point",
        "coordinates": [
          -117.59384395707103,
          49.56504238483172
        ]
      }
    },
    {
      "type": "Feature",
      "properties": {
        "GRID_ID": 109,
        "GRID_X": 1607000.0,
        "GRID_Y": 542000.0,
        "SPACING_M": 500
      },
      "geometry": {
        "type": "Point",
        "coordinates": [
          -117.59302550545542,
          49.56950865043188
        ]
      }
    },
    {
      "type": "Feature",
      "properties": {
        "GRID_ID": 110,
        "GRID_X": 1607000.0,
        "GRID_Y": 542500.0,
        "SPACING_M": 500
      },
      "geometry": {
        "type": "Point",
        "coordinates": [
          -117.59220689520005,
          49.5739748810787
        ]
      }
    },
    {
      "type": "Feature",
      "properties": {
        "GRID_ID": 111,
        "GRID_X": 1607000.0,
        "GRID_Y": 543000.0,
        "SPACING_M": 500
      },
      "geometry": {
        "type": "Point",
        "coordinates": [
          -117.59138812625896,
          49.57844107679079
        ]
      }
    },
    {
      "type": "Feature",
      "properties": {
        "GRID_ID": 112,
        "GRID_X": 1607000.0,
        "GRID_Y": 543500.0,
        "SPACING_M": 500
      },
      "geometry": {
        "type": "Point",
        "coordinates": [
          -117.59056919858631,
          49.582907237586745
        ]
      }
    },
    {
      "type": "Feature",
      "properties": {
        "GRID_ID": 113,
        "GRID_X": 1607000.0,
        "GRID_Y": 544000.0,
        "SPACING_M": 500
      },
      "geometry": {
        "type": "Point",
        "coordinates": [
          -117.58975011213604,
          49.58737336348519
        ]
      }
    },
    {
      "type": "Feature",
      "properties": {
        "GRID_ID": 114,
        "GRID_X": 1607000.0,
        "GRID_Y": 544500.0,
        "SPACING_M": 500
      },
      "geometry": {
        "type": "Point",
        "coordinates": [
          -117.5889308668623,
          49.5918394545047
        ]
      }
    },
    {
      "type": "Feature",
      "properties": {
        "GRID_ID": 115,
        "GRID_X": 1607000.0,
        "GRID_Y": 545000.0,
        "SPACING_M": 500
      },
      "geometry": {
        "type": "Point",
        "coordinates": [
          -117.58811146271906,
          49.59630551066397
        ]
      }
    },
    {
      "type": "Feature",
      "properties": {
        "GRID_ID": 116,
        "GRID_X": 1607500.0,
        "GRID_Y": 533500.0,
        "SPACING_M": 500
      },
      "geometry": {
        "type": "Point",
        "coordinates": [
          -117.60006875253362,
          49.49304506530595
        ]
      }
    },
    {
      "type": "Feature",
      "properties": {
        "GRID_ID": 117,
        "GRID_X": 1607500.0,
        "GRID_Y": 534000.0,
        "SPACING_M": 500
      },
      "geometry": {
        "type": "Point",
        "coordinates": [
          -117.59925217966399,
          49.49751184465586
        ]
      }
    },
    {
      "type": "Feature",
      "properties": {
        "GRID_ID": 118,
        "GRID_X": 1607500.0,
        "GRID_Y": 534500.0,
        "SPACING_M": 500
      },
      "geometry": {
        "type": "Point",
        "coordinates": [
          -117.59843544876394,
          49.50197858874353
        ]
      }
    },
    {
      "type": "Feature",
      "properties": {
        "GRID_ID": 119,
        "GRID_X": 1607500.0,
        "GRID_Y": 535000.0,
        "SPACING_M": 500
      },
      "geometry": {
        "type": "Point",
        "coordinates": [
          -117.5976185597878,
          49.506445297587426
        ]
      }
    },
    {
      "type": "Feature",
      "properties": {
        "GRID_ID": 120,
        "GRID_X": 1607500.0,
        "GRID_Y": 535500.0,
        "SPACING_M": 500
      },
      "geometry": {
        "type": "Point",
        "coordinates": [
          -117.59680151268995,
          49.510911971206156
        ]
      }
    },
    {
      "type": "Feature",
      "properties": {
        "GRID_ID": 121,
        "GRID_X": 1607500.0,
        "GRID_Y": 536000.0,
        "SPACING_M": 500
      },
      "geometry": {
        "type": "Point",
        "coordinates": [
          -117.59598430742464,
          49.51537860961826
        ]
      }
    },
    {
      "type": "Feature",
      "properties": {
        "GRID_ID": 122,
        "GRID_X": 1607500.0,
        "GRID_Y": 536500.0,
        "SPACING_M": 500
      },
      "geometry": {
        "type": "Point",
        "coordinates": [
          -117.59516694394617,
          49.51984521284227
        ]
      }
    },
    {
      "type": "Feature",
      "properties": {
        "GRID_ID": 123,
        "GRID_X": 1607500.0,
        "GRID_Y": 537000.0,
        "SPACING_M": 500
      },
      "geometry": {
        "type": "Point",
        "coordinates": [
          -117.59434942220882,
          49.524311780896795
        ]
      }
    },
    {
      "type": "Feature",
      "properties": {
        "GRID_ID": 124,
        "GRID_X": 1607500.0,
        "GRID_Y": 537500.0,
        "SPACING_M": 500
      },
      "geometry": {
        "type": "Point",
        "coordinates": [
          -117.59353174216682,
          49.52877831380044
        ]
      }
    },
    {
      "type": "Feature",
      "properties": {
        "GRID_ID": 125,
        "GRID_X": 1607500.0,
        "GRID_Y": 538000.0,
        "SPACING_M": 500
      },
      "geometry": {
        "type": "Point",
        "coordinates": [
          -117.59271390377441,
          49.53324481157169
        ]
      }
    },
    {
      "type": "Feature",
      "properties": {
        "GRID_ID": 126,
        "GRID_X": 1607500.0,
        "GRID_Y": 538500.0,
        "SPACING_M": 500
      },
      "geometry": {
        "type": "Point",
        "coordinates": [
          -117.5918959069858,
          49.53771127422921
        ]
      }
    },
    {
      "type": "Feature",
      "properties": {
        "GRID_ID": 127,
        "GRID_X": 1607500.0,
        "GRID_Y": 539000.0,
        "SPACING_M": 500
      },
      "geometry": {
        "type": "Point",
        "coordinates": [
          -117.59107775175522,
          49.542177701791516
        ]
      }
    },
    {
      "type": "Feature",
      "properties": {
        "GRID_ID": 128,
        "GRID_X": 1607500.0,
        "GRID_Y": 539500.0,
        "SPACING_M": 500
      },
      "geometry": {
        "type": "Point",
        "coordinates": [
          -117.5902594380368,
          49.54664409427724
        ]
      }
    },
    {
      "type": "Feature",
      "properties": {
        "GRID_ID": 129,
        "GRID_X": 1607500.0,
        "GRID_Y": 540000.0,
        "SPACING_M": 500
      },
      "geometry": {
        "type": "Point",
        "coordinates": [
          -117.58944096578476,
          49.551110451704865
        ]
      }
    },
    {
      "type": "Feature",
      "properties": {
        "GRID_ID": 130,
        "GRID_X": 1607500.0,
        "GRID_Y": 540500.0,
        "SPACING_M": 500
      },
      "geometry": {
        "type": "Point",
        "coordinates": [
          -117.58862233495319,
          49.55557677409308
        ]
      }
    },
    {
      "type": "Feature",
      "properties": {
        "GRID_ID": 131,
        "GRID_X": 1607500.0,
        "GRID_Y": 541000.0,
        "SPACING_M": 500
      },
      "geometry": {
        "type": "Point",
        "coordinates": [
          -117.58780354549623,
          49.560043061460476
        ]
      }
    },
    {
      "type": "Feature",
      "properties": {
        "GRID_ID": 132,
        "GRID_X": 1607500.0,
        "GRID_Y": 541500.0,
        "SPACING_M": 500
      },
      "geometry": {
        "type": "Point",
        "coordinates": [
          -117.58698459736802,
          49.56450931382561
        ]
      }
    },
    {
      "type": "Feature",
      "properties": {
        "GRID_ID": 133,
        "GRID_X": 1607500.0,
        "GRID_Y": 542000.0,
        "SPACING_M": 500
      },
      "geometry": {
        "type": "Point",
        "coordinates": [
          -117.58616549052262,
          49.56897553120706
        ]
      }
    },
    {
      "type": "Feature",
      "properties": {
        "GRID_ID": 134,
        "GRID_X": 1607500.0,
        "GRID_Y": 542500.0,
        "SPACING_M": 500
      },
      "geometry": {
        "type": "Point",
        "coordinates": [
          -117.5853462249141,
          49.57344171362346
        ]
      }
    },
    {
      "type": "Feature",
      "properties": {
        "GRID_ID": 135,
        "GRID_X": 1607500.0,
        "GRID_Y": 543000.0,
        "SPACING_M": 500
      },
      "geometry": {
        "type": "Point",
        "coordinates": [
          -117.58452680049655,
          49.5779078610935
        ]
      }
    },
    {
      "type": "Feature",
      "properties": {
        "GRID_ID": 136,
        "GRID_X": 1607500.0,
        "GRID_Y": 543500.0,
        "SPACING_M": 500
      },
      "geometry": {
        "type": "Point",
        "coordinates": [
          -117.58370721722402,
          49.58237397363565
        ]
      }
    },
    {
      "type": "Feature",
      "properties": {
        "GRID_ID": 137,
        "GRID_X": 1607500.0,
        "GRID_Y": 544000.0,
        "SPACING_M": 500
      },
      "geometry": {
        "type": "Point",
        "coordinates": [
          -117.58288747505046,
          49.58684005126853
        ]
      }
    },
    {
      "type": "Feature",
      "properties": {
        "GRID_ID": 138,
        "GRID_X": 1607500.0,
        "GRID_Y": 544500.0,
        "SPACING_M": 500
      },
      "geometry": {
        "type": "Point",
        "coordinates": [
          -117.58206757392995,
          49.591306094010775
        ]
      }
    },
    {
      "type": "Feature",
      "properties": {
        "GRID_ID": 139,
        "GRID_X": 1607500.0,
        "GRID_Y": 545000.0,
        "SPACING_M": 500
      },
      "geometry": {
        "type": "Point",
        "coordinates": [
          -117.58124751381641,
          49.595772101881145
        ]
      }
    },
    {
      "type": "Feature",
      "properties": {
        "GRID_ID": 140,
        "GRID_X": 1607500.0,
        "GRID_Y": 545500.0,
        "SPACING_M": 500
      },
      "geometry": {
        "type": "Point",
        "coordinates": [
          -117.58042729466383,
          49.60023807489805
        ]
      }
    },
    {
      "type": "Feature",
      "properties": {
        "GRID_ID": 141,
        "GRID_X": 1608000.0,
        "GRID_Y": 533000.0,
        "SPACING_M": 500
      },
      "geometry": {
        "type": "Point",
        "coordinates": [
          -117.59403708572472,
          49.48804556507977
        ]
      }
    },
    {
      "type": "Feature",
      "properties": {
        "GRID_ID": 142,
        "GRID_X": 1608000.0,
        "GRID_Y": 533500.0,
        "SPACING_M": 500
      },
      "geometry": {
        "type": "Point",
        "coordinates": [
          -117.59322001774703,
          49.49251233165257
        ]
      }
    },
    {
      "type": "Feature",
      "properties": {
        "GRID_ID": 143,
        "GRID_X": 1608000.0,
        "GRID_Y": 534000.0,
        "SPACING_M": 500
      },
      "geometry": {
        "type": "Point",
        "coordinates": [
          -117.59240279166185,
          49.49697906293295
        ]
      }
    },
    {
      "type": "Feature",
      "properties": {
        "GRID_ID": 144,
        "GRID_X": 1608000.0,
        "GRID_Y": 534500.0,
        "SPACING_M": 500
      },
      "geometry": {
        "type": "Point",
        "coordinates": [
          -117.59158540742352,
          49.50144575893934
        ]
      }
    },
    {
      "type": "Feature",
      "properties": {
        "GRID_ID": 145,
        "GRID_X": 1608000.0,
        "GRID_Y": 535000.0,
        "SPACING_M": 500
      },
      "geometry": {
        "type": "Point",
        "coordinates": [
          -117.59076786498632,
          49.50591241969034
        ]
      }
    },
    {
      "type": "Feature",
      "properties": {
        "GRID_ID": 146,
        "GRID_X": 1608000.0,
        "GRID_Y": 535500.0,
        "SPACING_M": 500
      },
      "geometry": {
        "type": "Point",
        "coordinates": [
          -117.58995016430455,
          49.510379045204516
        ]
      }
    },
    {
      "type": "Feature",
      "properties": {
        "GRID_ID": 147,
        "GRID_X": 1608000.0,
        "GRID_Y": 536000.0,
        "SPACING_M": 500
      },
      "geometry": {
        "type": "Point",
        "coordinates": [
          -117.58913230533246,
          49.51484563550035
        ]
      }
    },
    {
      "type": "Feature",
      "properties": {
        "GRID_ID": 148,
        "GRID_X": 1608000.0,
        "GRID_Y": 536500.0,
        "SPACING_M": 500
      },
      "geometry": {
        "type": "Point",
        "coordinates": [
          -117.58831428802428,
          49.5193121905965
        ]
      }
    },
    {
      "type": "Feature",
      "properties": {
        "GRID_ID": 149,
        "GRID_X": 1608000.0,
        "GRID_Y": 537000.0,
        "SPACING_M": 500
      },
      "geometry": {
        "type": "Point",
        "coordinates": [
          -117.5874961123343,
          49.52377871051149
        ]
      }
    },
    {
      "type": "Feature",
      "properties": {
        "GRID_ID": 150,
        "GRID_X": 1608000.0,
        "GRID_Y": 537500.0,
        "SPACING_M": 500
      },
      "geometry": {
        "type": "Point",
        "coordinates": [
          -117.58667777821672,
          49.52824519526394
        ]
      }
    },
    {
      "type": "Feature",
      "properties": {
        "GRID_ID": 151,
        "GRID_X": 1608000.0,
        "GRID_Y": 538000.0,
        "SPACING_M": 500
      },
      "geometry": {
        "type": "Point",
        "coordinates": [
          -117.58585928562572,
          49.53271164487229
        ]
      }
    },
    {
      "type": "Feature",
      "properties": {
        "GRID_ID": 152,
        "GRID_X": 1608000.0,
        "GRID_Y": 538500.0,
        "SPACING_M": 500
      },
      "geometry": {
        "type": "Point",
        "coordinates": [
          -117.5850406345155,
          49.537178059355206
        ]
      }
    },
    {
      "type": "Feature",
      "properties": {
        "GRID_ID": 153,
        "GRID_X": 1608000.0,
        "GRID_Y": 539000.0,
        "SPACING_M": 500
      },
      "geometry": {
        "type": "Point",
        "coordinates": [
          -117.58422182484018,
          49.54164443873127
        ]
      }
    },
    {
      "type": "Feature",
      "properties": {
        "GRID_ID": 154,
        "GRID_X": 1608000.0,
        "GRID_Y": 539500.0,
        "SPACING_M": 500
      },
      "geometry": {
        "type": "Point",
        "coordinates": [
          -117.58340285655396,
          49.54611078301899
        ]
      }
    },
    {
      "type": "Feature",
      "properties": {
        "GRID_ID": 155,
        "GRID_X": 1608000.0,
        "GRID_Y": 540000.0,
        "SPACING_M": 500
      },
      "geometry": {
        "type": "Point",
        "coordinates": [
          -117.58258372961095,
          49.55057709223703
        ]
      }
    },
    {
      "type": "Feature",
      "properties": {
        "GRID_ID": 156,
        "GRID_X": 1608000.0,
        "GRID_Y": 540500.0,
        "SPACING_M": 500
      },
      "geometry": {
        "type": "Point",
        "coordinates": [
          -117.58176444396526,
          49.555043366403915
        ]
      }
    },
    {
      "type": "Feature",
      "properties": {
        "GRID_ID": 157,
        "GRID_X": 1608000.0,
        "GRID_Y": 541000.0,
        "SPACING_M": 500
      },
      "geometry": {
        "type": "Point",
        "coordinates": [
          -117.58094499957096,
          49.55950960553829
        ]
      }
    },
    {
      "type": "Feature",
      "properties": {
        "GRID_ID": 158,
        "GRID_X": 1608000.0,
        "GRID_Y": 541500.0,
        "SPACING_M": 500
      },
      "geometry": {
        "type": "Point",
        "coordinates": [
          -117.58012539638214,
          49.56397580965867
        ]
      }
    },
    {
      "type": "Feature",
      "properties": {
        "GRID_ID": 159,
        "GRID_X": 1608000.0,
        "GRID_Y": 542000.0,
        "SPACING_M": 500
      },
      "geometry": {
        "type": "Point",
        "coordinates": [
          -117.57930563435289,
          49.5684419787837
        ]
      }
    },
    {
      "type": "Feature",
      "properties": {
        "GRID_ID": 160,
        "GRID_X": 1608000.0,
        "GRID_Y": 542500.0,
        "SPACING_M": 500
      },
      "geometry": {
        "type": "Point",
        "coordinates": [
          -117.57848571343722,
          49.57290811293203
        ]
      }
    },
    {
      "type": "Feature",
      "properties": {
        "GRID_ID": 161,
        "GRID_X": 1608000.0,
        "GRID_Y": 543000.0,
        "SPACING_M": 500
      },
      "geometry": {
        "type": "Point",
        "coordinates": [
          -117.57766563358916,
          49.577374212122166
        ]
      }
    },
    {
      "type": "Feature",
      "properties": {
        "GRID_ID": 162,
        "GRID_X": 1608000.0,
        "GRID_Y": 543500.0,
        "SPACING_M": 500
      },
      "geometry": {
        "type": "Point",
        "coordinates": [
          -117.5768453947627,
          49.58184027637273
        ]
      }
    },
    {
      "type": "Feature",
      "properties": {
        "GRID_ID": 163,
        "GRID_X": 1608000.0,
        "GRID_Y": 544000.0,
        "SPACING_M": 500
      },
      "geometry": {
        "type": "Point",
        "coordinates": [
          -117.57602499691183,
          49.58630630570233
        ]
      }
    },
    {
      "type": "Feature",
      "properties": {
        "GRID_ID": 164,
        "GRID_X": 1608000.0,
        "GRID_Y": 544500.0,
        "SPACING_M": 500
      },
      "geometry": {
        "type": "Point",
        "coordinates": [
          -117.57520443999056,
          49.59077230012959
        ]
      }
    },
    {
      "type": "Feature",
      "properties": {
        "GRID_ID": 165,
        "GRID_X": 1608000.0,
        "GRID_Y": 545000.0,
        "SPACING_M": 500
      },
      "geometry": {
        "type": "Point",
        "coordinates": [
          -117.57438372395279,
          49.59523825967316
        ]
      }
    },
    {
      "type": "Feature",
      "properties": {
        "GRID_ID": 166,
        "GRID_X": 1608000.0,
        "GRID_Y": 545500.0,
        "SPACING_M": 500
      },
      "geometry": {
        "type": "Point",
        "coordinates": [
          -117.57356284875247,
          49.59970418435162
        ]
      }
    },
    {
      "type": "Feature",
      "properties": {
        "GRID_ID": 167,
        "GRID_X": 1608000.0,
        "GRID_Y": 546000.0,
        "SPACING_M": 500
      },
      "geometry": {
        "type": "Point",
        "coordinates": [
          -117.57274181434352,
          49.604170074183614
        ]
      }
    },
    {
      "type": "Feature",
      "properties": {
        "GRID_ID": 168,
        "GRID_X": 1608500.0,
        "GRID_Y": 532500.0,
        "SPACING_M": 500
      },
      "geometry": {
        "type": "Point",
        "coordinates": [
          -117.58800672493304,
          49.48304569317776
        ]
      }
    },
    {
      "type": "Feature",
      "properties": {
        "GRID_ID": 169,
        "GRID_X": 1608500.0,
        "GRID_Y": 533000.0,
        "SPACING_M": 500
      },
      "geometry": {
        "type": "Point",
        "coordinates": [
          -117.58718916209274,
          49.48751244697773
        ]
      }
    },
    {
      "type": "Feature",
      "properties": {
        "GRID_ID": 170,
        "GRID_X": 1608500.0,
        "GRID_Y": 533500.0,
        "SPACING_M": 500
      },
      "geometry": {
        "type": "Point",
        "coordinates": [
          -117.58637144106794,
          49.49197916545501
        ]
      }
    },
    {
      "type": "Feature",
      "properties": {
        "GRID_ID": 171,
        "GRID_X": 1608500.0,
        "GRID_Y": 534000.0,
        "SPACING_M": 500
      },
      "geometry": {
        "type": "Point",
        "coordinates": [
          -117.58555356181292,
          49.49644584862822
        ]
      }
    },
    {
      "type": "Feature",
      "properties": {
        "GRID_ID": 172,
        "GRID_X": 1608500.0,
        "GRID_Y": 534500.0,
        "SPACING_M": 500
      },
      "geometry": {
        "type": "Point",
        "coordinates": [
          -117.58473552428201,
          49.50091249651574
        ]
      }
    },
    {
      "type": "Feature",
      "properties": {
        "GRID_ID": 173,
        "GRID_X": 1608500.0,
        "GRID_Y": 535000.0,
        "SPACING_M": 500
      },
      "geometry": {
        "type": "Point",
        "coordinates": [
          -117.58391732842942,
          49.505379109136186
        ]
      }
    },
    {
      "type": "Feature",
      "properties": {
        "GRID_ID": 174,
        "GRID_X": 1608500.0,
        "GRID_Y": 535500.0,
        "SPACING_M": 500
      },
      "geometry": {
        "type": "Point",
        "coordinates": [
          -117.58309897420945,
          49.50984568650819
        ]
      }
    },
    {
      "type": "Feature",
      "properties": {
        "GRID_ID": 175,
        "GRID_X": 1608500.0,
        "GRID_Y": 536000.0,
        "SPACING_M": 500
      },
      "geometry": {
        "type": "Point",
        "coordinates": [
          -117.58228046157632,
          49.51431222865024
        ]
      }
    },
    {
      "type": "Feature",
      "properties": {
        "GRID_ID": 176,
        "GRID_X": 1608500.0,
        "GRID_Y": 536500.0,
        "SPACING_M": 500
      },
      "geometry": {
        "type": "Point",
        "coordinates": [
          -117.58146179048424,
          49.518778735580874
        ]
      }
    },
    {
      "type": "Feature",
      "properties": {
        "GRID_ID": 177,
        "GRID_X": 1608500.0,
        "GRID_Y": 537000.0,
        "SPACING_M": 500
      },
      "geometry": {
        "type": "Point",
        "coordinates": [
          -117.5806429608874,
          49.523245207318645
        ]
      }
    },
    {
      "type": "Feature",
      "properties": {
        "GRID_ID": 178,
        "GRID_X": 1608500.0,
        "GRID_Y": 537500.0,
        "SPACING_M": 500
      },
      "geometry": {
        "type": "Point",
        "coordinates": [
          -117.57982397274003,
          49.52771164388221
        ]
      }
    },
    {
      "type": "Feature",
      "properties": {
        "GRID_ID": 179,
        "GRID_X": 1608500.0,
        "GRID_Y": 538000.0,
        "SPACING_M": 500
      },
      "geometry": {
        "type": "Point",
        "coordinates": [
          -117.57900482599625,
          49.53217804529002
        ]
      }
    },
    {
      "type": "Feature",
      "properties": {
        "GRID_ID": 180,
        "GRID_X": 1608500.0,
        "GRID_Y": 538500.0,
        "SPACING_M": 500
      },
      "geometry": {
        "type": "Point",
        "coordinates": [
          -117.57818552061022,
          49.53664441156066
        ]
      }
    },
    {
      "type": "Feature",
      "properties": {
        "GRID_ID": 181,
        "GRID_X": 1608500.0,
        "GRID_Y": 539000.0,
        "SPACING_M": 500
      },
      "geometry": {
        "type": "Point",
        "coordinates": [
          -117.57736605653606,
          49.5411107427128
        ]
      }
    },
    {
      "type": "Feature",
      "properties": {
        "GRID_ID": 182,
        "GRID_X": 1608500.0,
        "GRID_Y": 539500.0,
        "SPACING_M": 500
      },
      "geometry": {
        "type": "Point",
        "coordinates": [
          -117.57654643372788,
          49.54557703876492
        ]
      }
    },
    {
      "type": "Feature",
      "properties": {
        "GRID_ID": 183,
        "GRID_X": 1608500.0,
        "GRID_Y": 540000.0,
        "SPACING_M": 500
      },
      "geometry": {
        "type": "Point",
        "coordinates": [
          -117.57572665213982,
          49.550043299735606
        ]
      }
    },
    {
      "type": "Feature",
      "properties": {
        "GRID_ID": 184,
        "GRID_X": 1608500.0,
        "GRID_Y": 540500.0,
        "SPACING_M": 500
      },
      "geometry": {
        "type": "Point",
        "coordinates": [
          -117.5749067117259,
          49.55450952564344
        ]
      }
    },
    {
      "type": "Feature",
      "properties": {
        "GRID_ID": 185,
        "GRID_X": 1608500.0,
        "GRID_Y": 541000.0,
        "SPACING_M": 500
      },
      "geometry": {
        "type": "Point",
        "coordinates": [
          -117.5740866124402,
          49.55897571650705
        ]
      }
    },
    {
      "type": "Feature",
      "properties": {
        "GRID_ID": 186,
        "GRID_X": 1608500.0,
        "GRID_Y": 541500.0,
        "SPACING_M": 500
      },
      "geometry": {
        "type": "Point",
        "coordinates": [
          -117.57326635423675,
          49.56344187234503
        ]
      }
    },
    {
      "type": "Feature",
      "properties": {
        "GRID_ID": 187,
        "GRID_X": 1608500.0,
        "GRID_Y": 542000.0,
        "SPACING_M": 500
      },
      "geometry": {
        "type": "Point",
        "coordinates": [
          -117.57244593706959,
          49.56790799317593
        ]
      }
    },
    {
      "type": "Feature",
      "properties": {
        "GRID_ID": 188,
        "GRID_X": 1608500.0,
        "GRID_Y": 542500.0,
        "SPACING_M": 500
      },
      "geometry": {
        "type": "Point",
        "coordinates": [
          -117.57162536089274,
          49.57237407901833
        ]
      }
    },
    {
      "type": "Feature",
      "properties": {
        "GRID_ID": 189,
        "GRID_X": 1608500.0,
        "GRID_Y": 543000.0,
        "SPACING_M": 500
      },
      "geometry": {
        "type": "Point",
        "coordinates": [
          -117.57080462566013,
          49.57684012989088
        ]
      }
    },
    {
      "type": "Feature",
      "properties": {
        "GRID_ID": 190,
        "GRID_X": 1608500.0,
        "GRID_Y": 543500.0,
        "SPACING_M": 500
      },
      "geometry": {
        "type": "Point",
        "coordinates": [
          -117.5699837313258,
          49.58130614581206
        ]
      }
    },
    {
      "type": "Feature",
      "properties": {
        "GRID_ID": 191,
        "GRID_X": 1608500.0,
        "GRID_Y": 544000.0,
        "SPACING_M": 500
      },
      "geometry": {
        "type": "Point",
        "coordinates": [
          -117.56916267784366,
          49.58577212680066
        ]
      }
    },
    {
      "type": "Feature",
      "properties": {
        "GRID_ID": 192,
        "GRID_X": 1608500.0,
        "GRID_Y": 544500.0,
        "SPACING_M": 500
      },
      "geometry": {
        "type": "Point",
        "coordinates": [
          -117.56834146516765,
          49.5902380728752
        ]
      }
    },
    {
      "type": "Feature",
      "properties": {
        "GRID_ID": 193,
        "GRID_X": 1608500.0,
        "GRID_Y": 545000.0,
        "SPACING_M": 500
      },
      "geometry": {
        "type": "Point",
        "coordinates": [
          -117.5675200932517,
          49.59470398405419
        ]
      }
    },
    {
      "type": "Feature",
      "properties": {
        "GRID_ID": 194,
        "GRID_X": 1608500.0,
        "GRID_Y": 545500.0,
        "SPACING_M": 500
      },
      "geometry": {
        "type": "Point",
        "coordinates": [
          -117.5666985620497,
          49.599169860356426
        ]
      }
    },
    {
      "type": "Feature",
      "properties": {
        "GRID_ID": 195,
        "GRID_X": 1608500.0,
        "GRID_Y": 546000.0,
        "SPACING_M": 500
      },
      "geometry": {
        "type": "Point",
        "coordinates": [
          -117.56587687151556,
          49.6036357018003
        ]
      }
    },
    {
      "type": "Feature",
      "properties": {
        "GRID_ID": 196,
        "GRID_X": 1608500.0,
        "GRID_Y": 546500.0,
        "SPACING_M": 500
      },
      "geometry": {
        "type": "Point",
        "coordinates": [
          -117.5650550216031,
          49.60810150840465
        ]
      }
    },
    {
      "type": "Feature",
      "properties": {
        "GRID_ID": 197,
        "GRID_X": 1609000.0,
        "GRID_Y": 532000.0,
        "SPACING_M": 500
      },
      "geometry": {
        "type": "Point",
        "coordinates": [
          -117.58197766982194,
          49.47804544967315
        ]
      }
    },
    {
      "type": "Feature",
      "properties": {
        "GRID_ID": 198,
        "GRID_X": 1609000.0,
        "GRID_Y": 532500.0,
        "SPACING_M": 500
      },
      "geometry": {
        "type": "Point",
        "coordinates": [
          -117.58115961236435,
          49.48251219070455
        ]
      }
    },
    {
      "type": "Feature",
      "properties": {
        "GRID_ID": 199,
        "GRID_X": 1609000.0,
        "GRID_Y": 533000.0,
        "SPACING_M": 500
      },
      "geometry": {
        "type": "Point",
        "coordinates": [
          -117.58034139664528,
          49.48697889638306
        ]
      }
    },
    {
      "type": "Feature",
      "properties": {
        "GRID_ID": 200,
        "GRID_X": 1609000.0,
        "GRID_Y": 533500.0,
        "SPACING_M": 500
      },
      "geometry": {
        "type": "Point",
        "coordinates": [
          -117.57952302261903,
          49.49144556672721
        ]
      }
    },
    {
      "type": "Feature",
      "properties": {
        "GRID_ID": 201,
        "GRID_X": 1609000.0,
        "GRID_Y": 534000.0,
        "SPACING_M": 500
      },
      "geometry": {
        "type": "Point",
        "coordinates": [
          -117.57870449023989,
          49.49591220175559
        ]
      }
    },
    {
      "type": "Feature",
      "properties": {
        "GRID_ID": 202,
        "GRID_X": 1609000.0,
        "GRID_Y": 534500.0,
        "SPACING_M": 500
      },
      "geometry": {
        "type": "Point",
        "coordinates": [
          -117.57788579946211,
          49.500378801486654
        ]
      }
    },
    {
      "type": "Feature",
      "properties": {
        "GRID_ID": 203,
        "GRID_X": 1609000.0,
        "GRID_Y": 535000.0,
        "SPACING_M": 500
      },
      "geometry": {
        "type": "Point",
        "coordinates": [
          -117.57706695023991,
          49.50484536593905
        ]
      }
    },
    {
      "type": "Feature",
      "properties": {
        "GRID_ID": 204,
        "GRID_X": 1609000.0,
        "GRID_Y": 535500.0,
        "SPACING_M": 500
      },
      "geometry": {
        "type": "Point",
        "coordinates": [
          -117.57624794252752,
          49.5093118951312
        ]
      }
    },
    {
      "type": "Feature",
      "properties": {
        "GRID_ID": 205,
        "GRID_X": 1609000.0,
        "GRID_Y": 536000.0,
        "SPACING_M": 500
      },
      "geometry": {
        "type": "Point",
        "coordinates": [
          -117.57542877627913,
          49.51377838908178
        ]
      }
    },
    {
      "type": "Feature",
      "properties": {
        "GRID_ID": 206,
        "GRID_X": 1609000.0,
        "GRID_Y": 536500.0,
        "SPACING_M": 500
      },
      "geometry": {
        "type": "Point",
        "coordinates": [
          -117.57460945144892,
          49.51824484780928
        ]
      }
    },
    {
      "type": "Feature",
      "properties": {
        "GRID_ID": 207,
        "GRID_X": 1609000.0,
        "GRID_Y": 537000.0,
        "SPACING_M": 500
      },
      "geometry": {
        "type": "Point",
        "coordinates": [
          -117.57378996799109,
          49.522711271332206
        ]
      }
    },
    {
      "type": "Feature",
      "properties": {
        "GRID_ID": 208,
        "GRID_X": 1609000.0,
        "GRID_Y": 537500.0,
        "SPACING_M": 500
      },
      "geometry": {
        "type": "Point",
        "coordinates": [
          -117.57297032585974,
          49.52717765966925
        ]
      }
    },
    {
      "type": "Feature",
      "properties": {
        "GRID_ID": 209,
        "GRID_X": 1609000.0,
        "GRID_Y": 538000.0,
        "SPACING_M": 500
      },
      "geometry": {
        "type": "Point",
        "coordinates": [
          -117.57215052500904,
          49.531644012838804
        ]
      }
    },
    {
      "type": "Feature",
      "properties": {
        "GRID_ID": 210,
        "GRID_X": 1609000.0,
        "GRID_Y": 538500.0,
        "SPACING_M": 500
      },
      "geometry": {
        "type": "Point",
        "coordinates": [
          -117.57133056539307,
          49.53611033085954
        ]
      }
    },
    {
      "type": "Feature",
      "properties": {
        "GRID_ID": 211,
        "GRID_X": 1609000.0,
        "GRID_Y": 539000.0,
        "SPACING_M": 500
      },
      "geometry": {
        "type": "Point",
        "coordinates": [
          -117.57051044696594,
          49.54057661375008
        ]
      }
    },
    {
      "type": "Feature",
      "properties": {
        "GRID_ID": 212,
        "GRID_X": 1609000.0,
        "GRID_Y": 539500.0,
        "SPACING_M": 500
      },
      "geometry": {
        "type": "Point",
        "coordinates": [
          -117.56969016968173,
          49.54504286152887
        ]
      }
    },
    {
      "type": "Feature",
      "properties": {
        "GRID_ID": 213,
        "GRID_X": 1609000.0,
        "GRID_Y": 540000.0,
        "SPACING_M": 500
      },
      "geometry": {
        "type": "Point",
        "coordinates": [
          -117.56886973349452,
          49.549509074214505
        ]
      }
    },
    {
      "type": "Feature",
      "properties": {
        "GRID_ID": 214,
        "GRID_X": 1609000.0,
        "GRID_Y": 540500.0,
        "SPACING_M": 500
      },
      "geometry": {
        "type": "Point",
        "coordinates": [
          -117.56804913835832,
          49.553975251825676
        ]
      }
    },
    {
      "type": "Feature",
      "properties": {
        "GRID_ID": 215,
        "GRID_X": 1609000.0,
        "GRID_Y": 541000.0,
        "SPACING_M": 500
      },
      "geometry": {
        "type": "Point",
        "coordinates": [
          -117.56722838422716,
          49.55844139438084
        ]
      }
    },
    {
      "type": "Feature",
      "properties": {
        "GRID_ID": 216,
        "GRID_X": 1609000.0,
        "GRID_Y": 541500.0,
        "SPACING_M": 500
      },
      "geometry": {
        "type": "Point",
        "coordinates": [
          -117.56640747105506,
          49.562907501898636
        ]
      }
    },
    {
      "type": "Feature",
      "properties": {
        "GRID_ID": 217,
        "GRID_X": 1609000.0,
        "GRID_Y": 542000.0,
        "SPACING_M": 500
      },
      "geometry": {
        "type": "Point",
        "coordinates": [
          -117.565586398796,
          49.56737357439763
        ]
      }
    },
    {
      "type": "Feature",
      "properties": {
        "GRID_ID": 218,
        "GRID_X": 1609000.0,
        "GRID_Y": 542500.0,
        "SPACING_M": 500
      },
      "geometry": {
        "type": "Point",
        "coordinates": [
          -117.56476516740395,
          49.571839611896415
        ]
      }
    },
    {
      "type": "Feature",
      "properties": {
        "GRID_ID": 219,
        "GRID_X": 1609000.0,
        "GRID_Y": 543000.0,
        "SPACING_M": 500
      },
      "geometry": {
        "type": "Point",
        "coordinates": [
          -117.56394377683286,
          49.57630561441359
        ]
      }
    },
    {
      "type": "Feature",
      "properties": {
        "GRID_ID": 220,
        "GRID_X": 1609000.0,
        "GRID_Y": 543500.0,
        "SPACING_M": 500
      },
      "geometry": {
        "type": "Point",
        "coordinates": [
          -117.56312222703669,
          49.580771581967774
        ]
      }
    },
    {
      "type": "Feature",
      "properties": {
        "GRID_ID": 221,
        "GRID_X": 1609000.0,
        "GRID_Y": 544000.0,
        "SPACING_M": 500
      },
      "geometry": {
        "type": "Point",
        "coordinates": [
          -117.56230051796933,
          49.585237514577486
        ]
      }
    },
    {
      "type": "Feature",
      "properties": {
        "GRID_ID": 222,
        "GRID_X": 1609000.0,
        "GRID_Y": 544500.0,
        "SPACING_M": 500
      },
      "geometry": {
        "type": "Point",
        "coordinates": [
          -117.56147864958469,
          49.58970341226141
        ]
      }
    },
    {
      "type": "Feature",
      "properties": {
        "GRID_ID": 223,
        "GRID_X": 1609000.0,
        "GRID_Y": 545000.0,
        "SPACING_M": 500
      },
      "geometry": {
        "type": "Point",
        "coordinates": [
          -117.56065662183667,
          49.59416927503811
        ]
      }
    },
    {
      "type": "Feature",
      "properties": {
        "GRID_ID": 224,
        "GRID_X": 1609000.0,
        "GRID_Y": 545500.0,
        "SPACING_M": 500
      },
      "geometry": {
        "type": "Point",
        "coordinates": [
          -117.55983443467913,
          49.59863510292627
        ]
      }
    },
    {
      "type": "Feature",
      "properties": {
        "GRID_ID": 225,
        "GRID_X": 1609000.0,
        "GRID_Y": 546000.0,
        "SPACING_M": 500
      },
      "geometry": {
        "type": "Point",
        "coordinates": [
          -117.55901208806587,
          49.60310089594443
        ]
      }
    },
    {
      "type": "Feature",
      "properties": {
        "GRID_ID": 226,
        "GRID_X": 1609000.0,
        "GRID_Y": 546500.0,
        "SPACING_M": 500
      },
      "geometry": {
        "type": "Point",
        "coordinates": [
          -117.5581895819508,
          49.60756665411117
        ]
      }
    },
    {
      "type": "Feature",
      "properties": {
        "GRID_ID": 227,
        "GRID_X": 1609000.0,
        "GRID_Y": 547000.0,
        "SPACING_M": 500
      },
      "geometry": {
        "type": "Point",
        "coordinates": [
          -117.55736691628766,
          49.61203237744518
        ]
      }
    },
    {
      "type": "Feature",
      "properties": {
        "GRID_ID": 228,
        "GRID_X": 1609000.0,
        "GRID_Y": 547500.0,
        "SPACING_M": 500
      },
      "geometry": {
        "type": "Point",
        "coordinates": [
          -117.55654409103032,
          49.61649806596514
        ]
      }
    },
    {
      "type": "Feature",
      "properties": {
        "GRID_ID": 229,
        "GRID_X": 1609500.0,
        "GRID_Y": 531500.0,
        "SPACING_M": 500
      },
      "geometry": {
        "type": "Point",
        "coordinates": [
          -117.57594992005485,
          49.47304483463901
        ]
      }
    },
    {
      "type": "Feature",
      "properties": {
        "GRID_ID": 230,
        "GRID_X": 1609500.0,
        "GRID_Y": 532000.0,
        "SPACING_M": 500
      },
      "geometry": {
        "type": "Point",
        "coordinates": [
          -117.57513136822516,
          49.477511562906066
        ]
      }
    },
    {
      "type": "Feature",
      "properties": {
        "GRID_ID": 231,
        "GRID_X": 1609500.0,
        "GRID_Y": 532500.0,
        "SPACING_M": 500
      },
      "geometry": {
        "type": "Point",
        "coordinates": [
          -117.57431265805708,
          49.4819782557901
        ]
      }
    },
    {
      "type": "Feature",
      "properties": {
        "GRID_ID": 232,
        "GRID_X": 1609500.0,
        "GRID_Y": 533000.0,
        "SPACING_M": 500
      },
      "geometry": {
        "type": "Point",
        "coordinates": [
          -117.57349378950498,
          49.486444913309604
        ]
      }
    },
    {
      "type": "Feature",
      "properties": {
        "GRID_ID": 233,
        "GRID_X": 1609500.0,
        "GRID_Y": 533500.0,
        "SPACING_M": 500
      },
      "geometry": {
        "type": "Point",
        "coordinates": [
          -117.57267476252302,
          49.490911535483
        ]
      }
    },
    {
      "type": "Feature",
      "properties": {
        "GRID_ID": 234,
        "GRID_X": 1609500.0,
        "GRID_Y": 534000.0,
        "SPACING_M": 500
      },
      "geometry": {
        "type": "Point",
        "coordinates": [
          -117.5718555770655,
          49.49537812232902
        ]
      }
    },
    {
      "type": "Feature",
      "properties": {
        "GRID_ID": 235,
        "GRID_X": 1609500.0,
        "GRID_Y": 534500.0,
        "SPACING_M": 500
      },
      "geometry": {
        "type": "Point",
        "coordinates": [
          -117.57103623308663,
          49.49984467386606
        ]
      }
    },
    {
      "type": "Feature",
      "properties": {
        "GRID_ID": 236,
        "GRID_X": 1609500.0,
        "GRID_Y": 535000.0,
        "SPACING_M": 500
      },
      "geometry": {
        "type": "Point",
        "coordinates": [
          -117.5702167305406,
          49.504311190112695
        ]
      }
    },
    {
      "type": "Feature",
      "properties": {
        "GRID_ID": 237,
        "GRID_X": 1609500.0,
        "GRID_Y": 535500.0,
        "SPACING_M": 500
      },
      "geometry": {
        "type": "Point",
        "coordinates": [
          -117.56939706938155,
          49.50877767108747
        ]
      }
    },
    {
      "type": "Feature",
      "properties": {
        "GRID_ID": 238,
        "GRID_X": 1609500.0,
        "GRID_Y": 536000.0,
        "SPACING_M": 500
      },
      "geometry": {
        "type": "Point",
        "coordinates": [
          -117.56857724956373,
          49.51324411680895
        ]
      }
    },
    {
      "type": "Feature",
      "properties": {
        "GRID_ID": 239,
        "GRID_X": 1609500.0,
        "GRID_Y": 536500.0,
        "SPACING_M": 500
      },
      "geometry": {
        "type": "Point",
        "coordinates": [
          -117.56775727104124,
          49.51771052729563
        ]
      }
    },
    {
      "type": "Feature",
      "properties": {
        "GRID_ID": 240,
        "GRID_X": 1609500.0,
        "GRID_Y": 537000.0,
        "SPACING_M": 500
      },
      "geometry": {
        "type": "Point",
        "coordinates": [
          -117.56693713376825,
          49.522176902566144
        ]
      }
    },
    {
      "type": "Feature",
      "properties": {
        "GRID_ID": 241,
        "GRID_X": 1609500.0,
        "GRID_Y": 537500.0,
        "SPACING_M": 500
      },
      "geometry": {
        "type": "Point",
        "coordinates": [
          -117.56611683769881,
          49.52664324263899
        ]
      }
    },
    {
      "type": "Feature",
      "properties": {
        "GRID_ID": 242,
        "GRID_X": 1609500.0,
        "GRID_Y": 538000.0,
        "SPACING_M": 500
      },
      "geometry": {
        "type": "Point",
        "coordinates": [
          -117.56529638278707,
          49.53110954753268
        ]
      }
    },
    {
      "type": "Feature",
      "properties": {
        "GRID_ID": 243,
        "GRID_X": 1609500.0,
        "GRID_Y": 538500.0,
        "SPACING_M": 500
      },
      "geometry": {
        "type": "Point",
        "coordinates": [
          -117.56447576898708,
          49.53557581726587
        ]
      }
    },
    {
      "type": "Feature",
      "properties": {
        "GRID_ID": 244,
        "GRID_X": 1609500.0,
        "GRID_Y": 539000.0,
        "SPACING_M": 500
      },
      "geometry": {
        "type": "Point",
        "coordinates": [
          -117.56365499625291,
          49.54004205185707
        ]
      }
    },
    {
      "type": "Feature",
      "properties": {
        "GRID_ID": 245,
        "GRID_X": 1609500.0,
        "GRID_Y": 539500.0,
        "SPACING_M": 500
      },
      "geometry": {
        "type": "Point",
        "coordinates": [
          -117.56283406453862,
          49.54450825132487
        ]
      }
    },
    {
      "type": "Feature",
      "properties": {
        "GRID_ID": 246,
        "GRID_X": 1609500.0,
        "GRID_Y": 540000.0,
        "SPACING_M": 500
      },
      "geometry": {
        "type": "Point",
        "coordinates": [
          -117.56201297379822,
          49.54897441568782
        ]
      }
    },
    {
      "type": "Feature",
      "properties": {
        "GRID_ID": 247,
        "GRID_X": 1609500.0,
        "GRID_Y": 540500.0,
        "SPACING_M": 500
      },
      "geometry": {
        "type": "Point",
        "coordinates": [
          -117.56119172398571,
          49.553440544964545
        ]
      }
    },
    {
      "type": "Feature",
      "properties": {
        "GRID_ID": 248,
        "GRID_X": 1609500.0,
        "GRID_Y": 541000.0,
        "SPACING_M": 500
      },
      "geometry": {
        "type": "Point",
        "coordinates": [
          -117.56037031505508,
          49.55790663917356
        ]
      }
    },
    {
      "type": "Feature",
      "properties": {
        "GRID_ID": 249,
        "GRID_X": 1609500.0,
        "GRID_Y": 541500.0,
        "SPACING_M": 500
      },
      "geometry": {
        "type": "Point",
        "coordinates": [
          -117.55954874696033,
          49.56237269833349
        ]
      }
    },
    {
      "type": "Feature",
      "properties": {
        "GRID_ID": 250,
        "GRID_X": 1609500.0,
        "GRID_Y": 542000.0,
        "SPACING_M": 500
      },
      "geometry": {
        "type": "Point",
        "coordinates": [
          -117.5587270196554,
          49.56683872246284
        ]
      }
    },
    {
      "type": "Feature",
      "properties": {
        "GRID_ID": 251,
        "GRID_X": 1609500.0,
        "GRID_Y": 542500.0,
        "SPACING_M": 500
      },
      "geometry": {
        "type": "Point",
        "coordinates": [
          -117.55790513309421,
          49.571304711580304
        ]
      }
    },
    {
      "type": "Feature",
      "properties": {
        "GRID_ID": 252,
        "GRID_X": 1609500.0,
        "GRID_Y": 543000.0,
        "SPACING_M": 500
      },
      "geometry": {
        "type": "Point",
        "coordinates": [
          -117.5570830872307,
          49.575770665704376
        ]
      }
    },
    {
      "type": "Feature",
      "properties": {
        "GRID_ID": 253,
        "GRID_X": 1609500.0,
        "GRID_Y": 543500.0,
        "SPACING_M": 500
      },
      "geometry": {
        "type": "Point",
        "coordinates": [
          -117.55626088201873,
          49.58023658485365
        ]
      }
    },
    {
      "type": "Feature",
      "properties": {
        "GRID_ID": 254,
        "GRID_X": 1609500.0,
        "GRID_Y": 544000.0,
        "SPACING_M": 500
      },
      "geometry": {
        "type": "Point",
        "coordinates": [
          -117.55543851741227,
          49.58470246904683
        ]
      }
    },
    {
      "type": "Feature",
      "properties": {
        "GRID_ID": 255,
        "GRID_X": 1609500.0,
        "GRID_Y": 544500.0,
        "SPACING_M": 500
      },
      "geometry": {
        "type": "Point",
        "coordinates": [
          -117.55461599336513,
          49.589168318302434
        ]
      }
    },
    {
      "type": "Feature",
      "properties": {
        "GRID_ID": 256,
        "GRID_X": 1609500.0,
        "GRID_Y": 545000.0,
        "SPACING_M": 500
      },
      "geometry": {
        "type": "Point",
        "coordinates": [
          -117.55379330983116,
          49.59363413263908
        ]
      }
    },
    {
      "type": "Feature",
      "properties": {
        "GRID_ID": 257,
        "GRID_X": 1609500.0,
        "GRID_Y": 545500.0,
        "SPACING_M": 500
      },
      "geometry": {
        "type": "Point",
        "coordinates": [
          -117.5529704667642,
          49.598099912075355
        ]
      }
    },
    {
      "type": "Feature",
      "properties": {
        "GRID_ID": 258,
        "GRID_X": 1609500.0,
        "GRID_Y": 546000.0,
        "SPACING_M": 500
      },
      "geometry": {
        "type": "Point",
        "coordinates": [
          -117.55214746411805,
          49.6025656566299
        ]
      }
    },
    {
      "type": "Feature",
      "properties": {
        "GRID_ID": 259,
        "GRID_X": 1609500.0,
        "GRID_Y": 546500.0,
        "SPACING_M": 500
      },
      "geometry": {
        "type": "Point",
        "coordinates": [
          -117.55132430184653,
          49.60703136632133
        ]
      }
    },
    {
      "type": "Feature",
      "properties": {
        "GRID_ID": 260,
        "GRID_X": 1609500.0,
        "GRID_Y": 547000.0,
        "SPACING_M": 500
      },
      "geometry": {
        "type": "Point",
        "coordinates": [
          -117.5505009799034,
          49.6114970411682
        ]
      }
    },
    {
      "type": "Feature",
      "properties": {
        "GRID_ID": 261,
        "GRID_X": 1609500.0,
        "GRID_Y": 547500.0,
        "SPACING_M": 500
      },
      "geometry": {
        "type": "Point",
        "coordinates": [
          -117.54967749824243,
          49.61596268118915
        ]
      }
    },
    {
      "type": "Feature",
      "properties": {
        "GRID_ID": 262,
        "GRID_X": 1609500.0,
        "GRID_Y": 548000.0,
        "SPACING_M": 500
      },
      "geometry": {
        "type": "Point",
        "coordinates": [
          -117.54885385681735,
          49.620428286402884
        ]
      }
    },
    {
      "type": "Feature",
      "properties": {
        "GRID_ID": 263,
        "GRID_X": 1610000.0,
        "GRID_Y": 531000.0,
        "SPACING_M": 500
      },
      "geometry": {
        "type": "Point",
        "coordinates": [
          -117.56992347529528,
          49.46804384814835
        ]
      }
    },
    {
      "type": "Feature",
      "properties": {
        "GRID_ID": 264,
        "GRID_X": 1610000.0,
        "GRID_Y": 531500.0,
        "SPACING_M": 500
      },
      "geometry": {
        "type": "Point",
        "coordinates": [
          -117.56910442933858,
          49.47251056365539
        ]
      }
    },
    {
      "type": "Feature",
      "properties": {
        "GRID_ID": 265,
        "GRID_X": 1610000.0,
        "GRID_Y": 532000.0,
        "SPACING_M": 500
      },
      "geometry": {
        "type": "Point",
        "coordinates": [
          -117.56828522496671,
          49.47697724374927
        ]
      }
    },
    {
      "type": "Feature",
      "properties": {
        "GRID_ID": 266,
        "GRID_X": 1610000.0,
        "GRID_Y": 532500.0,
        "SPACING_M": 500
      },
      "geometry": {
        "type": "Point",
        "coordinates": [
          -117.56746586213391,
          49.48144388844834
        ]
      }
    },
    {
      "type": "Feature",
      "properties": {
        "GRID_ID": 267,
        "GRID_X": 1610000.0,
        "GRID_Y": 533000.0,
        "SPACING_M": 500
      },
      "geometry": {
        "type": "Point",
        "coordinates": [
          -117.56664634079449,
          49.485910497771215
        ]
      }
    },
    {
      "type": "Feature",
      "properties": {
        "GRID_ID": 268,
        "GRID_X": 1610000.0,
        "GRID_Y": 533500.0,
        "SPACING_M": 500
      },
      "geometry": {
        "type": "Point",
        "coordinates": [
          -117.5658266609026,
          49.49037707173638
        ]
      }
    },
    {
      "type": "Feature",
      "properties": {
        "GRID_ID": 269,
        "GRID_X": 1610000.0,
        "GRID_Y": 534000.0,
        "SPACING_M": 500
      },
      "geometry": {
        "type": "Point",
        "coordinates": [
          -117.56500682241247,
          49.49484361036244
        ]
      }
    },
    {
      "type": "Feature",
      "properties": {
        "GRID_ID": 270,
        "GRID_X": 1610000.0,
        "GRID_Y": 534500.0,
        "SPACING_M": 500
      },
      "geometry": {
        "type": "Point",
        "coordinates": [
          -117.5641868252783,
          49.49931011366787
        ]
      }
    },
    {
      "type": "Feature",
      "properties": {
        "GRID_ID": 271,
        "GRID_X": 1610000.0,
        "GRID_Y": 535000.0,
        "SPACING_M": 500
      },
      "geometry": {
        "type": "Point",
        "coordinates": [
          -117.56336666945424,
          49.503776581671175
        ]
      }
    },
    {
      "type": "Feature",
      "properties": {
        "GRID_ID": 272,
        "GRID_X": 1610000.0,
        "GRID_Y": 535500.0,
        "SPACING_M": 500
      },
      "geometry": {
        "type": "Point",
        "coordinates": [
          -117.56254635489441,
          49.50824301439099
        ]
      }
    },
    {
      "type": "Feature",
      "properties": {
        "GRID_ID": 273,
        "GRID_X": 1610000.0,
        "GRID_Y": 536000.0,
        "SPACING_M": 500
      },
      "geometry": {
        "type": "Point",
        "coordinates": [
          -117.56172588155302,
          49.512709411845734
        ]
      }
    },
    {
      "type": "Feature",
      "properties": {
        "GRID_ID": 274,
        "GRID_X": 1610000.0,
        "GRID_Y": 536500.0,
        "SPACING_M": 500
      },
      "geometry": {
        "type": "Point",
        "coordinates": [
          -117.56090524938409,
          49.51717577405402
        ]
      }
    },
    {
      "type": "Feature",
      "properties": {
        "GRID_ID": 275,
        "GRID_X": 1610000.0,
        "GRID_Y": 537000.0,
        "SPACING_M": 500
      },
      "geometry": {
        "type": "Point",
        "coordinates": [
          -117.56008445834182,
          49.52164210103443
        ]
      }
    },
    {
      "type": "Feature",
      "properties": {
        "GRID_ID": 276,
        "GRID_X": 1610000.0,
        "GRID_Y": 537500.0,
        "SPACING_M": 500
      },
      "geometry": {
        "type": "Point",
        "coordinates": [
          -117.5592635083802,
          49.52610839280544
        ]
      }
    },
    {
      "type": "Feature",
      "properties": {
        "GRID_ID": 277,
        "GRID_X": 1610000.0,
        "GRID_Y": 538000.0,
        "SPACING_M": 500
      },
      "geometry": {
        "type": "Point",
        "coordinates": [
          -117.55844239945333,
          49.53057464938561
        ]
      }
    },
    {
      "type": "Feature",
      "properties": {
        "GRID_ID": 278,
        "GRID_X": 1610000.0,
        "GRID_Y": 538500.0,
        "SPACING_M": 500
      },
      "geometry": {
        "type": "Point",
        "coordinates": [
          -117.55762113151528,
          49.53504087079359
        ]
      }
    },
    {
      "type": "Feature",
      "properties": {
        "GRID_ID": 279,
        "GRID_X": 1610000.0,
        "GRID_Y": 539000.0,
        "SPACING_M": 500
      },
      "geometry": {
        "type": "Point",
        "coordinates": [
          -117.55679970452002,
          49.53950705704782
        ]
      }
    },
    {
      "type": "Feature",
      "properties": {
        "GRID_ID": 280,
        "GRID_X": 1610000.0,
        "GRID_Y": 539500.0,
        "SPACING_M": 500
      },
      "geometry": {
        "type": "Point",
        "coordinates": [
          -117.5559781184216,
          49.54397320816699
        ]
      }
    },
    {
      "type": "Feature",
      "properties": {
        "GRID_ID": 281,
        "GRID_X": 1610000.0,
        "GRID_Y": 540000.0,
        "SPACING_M": 500
      },
      "geometry": {
        "type": "Point",
        "coordinates": [
          -117.555156373174,
          49.5484393241696
        ]
      }
    },
    {
      "type": "Feature",
      "properties": {
        "GRID_ID": 282,
        "GRID_X": 1610000.0,
        "GRID_Y": 540500.0,
        "SPACING_M": 500
      },
      "geometry": {
        "type": "Point",
        "coordinates": [
          -117.5543344687312,
          49.55290540507412
        ]
      }
    },
    {
      "type": "Feature",
      "properties": {
        "GRID_ID": 283,
        "GRID_X": 1610000.0,
        "GRID_Y": 541000.0,
        "SPACING_M": 500
      },
      "geometry": {
        "type": "Point",
        "coordinates": [
          -117.55351240504713,
          49.55737145089926
        ]
      }
    },
    {
      "type": "Feature",
      "properties": {
        "GRID_ID": 284,
        "GRID_X": 1610000.0,
        "GRID_Y": 541500.0,
        "SPACING_M": 500
      },
      "geometry": {
        "type": "Point",
        "coordinates": [
          -117.55269018207578,
          49.561837461663565
        ]
      }
    },
    {
      "type": "Feature",
      "properties": {
        "GRID_ID": 285,
        "GRID_X": 1610000.0,
        "GRID_Y": 542000.0,
        "SPACING_M": 500
      },
      "geometry": {
        "type": "Point",
        "coordinates": [
          -117.551867799771,
          49.56630343738558
        ]
      }
    },
    {
      "type": "Feature",
      "properties": {
        "GRID_ID": 286,
        "GRID_X": 1610000.0,
        "GRID_Y": 542500.0,
        "SPACING_M": 500
      },
      "geometry": {
        "type": "Point",
        "coordinates": [
          -117.55104525808677,
          49.570769378083966
        ]
      }
    },
    {
      "type": "Feature",
      "properties": {
        "GRID_ID": 287,
        "GRID_X": 1610000.0,
        "GRID_Y": 543000.0,
        "SPACING_M": 500
      },
      "geometry": {
        "type": "Point",
        "coordinates": [
          -117.55022255697693,
          49.57523528377723
        ]
      }
    },
    {
      "type": "Feature",
      "properties": {
        "GRID_ID": 288,
        "GRID_X": 1610000.0,
        "GRID_Y": 543500.0,
        "SPACING_M": 500
      },
      "geometry": {
        "type": "Point",
        "coordinates": [
          -117.54939969639535,
          49.57970115448397
        ]
      }
    },
    {
      "type": "Feature",
      "properties": {
        "GRID_ID": 289,
        "GRID_X": 1610000.0,
        "GRID_Y": 544000.0,
        "SPACING_M": 500
      },
      "geometry": {
        "type": "Point",
        "coordinates": [
          -117.54857667629591,
          49.5841669902228
        ]
      }
    },
    {
      "type": "Feature",
      "properties": {
        "GRID_ID": 290,
        "GRID_X": 1610000.0,
        "GRID_Y": 544500.0,
        "SPACING_M": 500
      },
      "geometry": {
        "type": "Point",
        "coordinates": [
          -117.54775349663238,
          49.58863279101228
        ]
      }
    },
    {
      "type": "Feature",
      "properties": {
        "GRID_ID": 291,
        "GRID_X": 1610000.0,
        "GRID_Y": 545000.0,
        "SPACING_M": 500
      },
      "geometry": {
        "type": "Point",
        "coordinates": [
          -117.54693015735864,
          49.5930985568711
        ]
      }
    },
    {
      "type": "Feature",
      "properties": {
        "GRID_ID": 292,
        "GRID_X": 1610000.0,
        "GRID_Y": 545500.0,
        "SPACING_M": 500
      },
      "geometry": {
        "type": "Point",
        "coordinates": [
          -117.54610665842847,
          49.59756428781777
        ]
      }
    },
    {
      "type": "Feature",
      "properties": {
        "GRID_ID": 293,
        "GRID_X": 1610000.0,
        "GRID_Y": 546000.0,
        "SPACING_M": 500
      },
      "geometry": {
        "type": "Point",
        "coordinates": [
          -117.54528299979562,
          49.60202998387093
        ]
      }
    },
    {
      "type": "Feature",
      "properties": {
        "GRID_ID": 294,
        "GRID_X": 1610000.0,
        "GRID_Y": 546500.0,
        "SPACING_M": 500
      },
      "geometry": {
        "type": "Point",
        "coordinates": [
          -117.54445918141387,
          49.60649564504914
        ]
      }
    },
    {
      "type": "Feature",
      "properties": {
        "GRID_ID": 295,
        "GRID_X": 1610000.0,
        "GRID_Y": 547000.0,
        "SPACING_M": 500
      },
      "geometry": {
        "type": "Point",
        "coordinates": [
          -117.54363520323697,
          49.610961271371075
        ]
      }
    },
    {
      "type": "Feature",
      "properties": {
        "GRID_ID": 296,
        "GRID_X": 1610000.0,
        "GRID_Y": 547500.0,
        "SPACING_M": 500
      },
      "geometry": {
        "type": "Point",
        "coordinates": [
          -117.54281106521863,
          49.615426862855315
        ]
      }
    },
    {
      "type": "Feature",
      "properties": {
        "GRID_ID": 297,
        "GRID_X": 1610000.0,
        "GRID_Y": 548000.0,
        "SPACING_M": 500
      },
      "geometry": {
        "type": "Point",
        "coordinates": [
          -117.5419867673126,
          49.61989241952048
        ]
      }
    },
    {
      "type": "Feature",
      "properties": {
        "GRID_ID": 298,
        "GRID_X": 1610000.0,
        "GRID_Y": 548500.0,
        "SPACING_M": 500
      },
      "geometry": {
        "type": "Point",
        "coordinates": [
          -117.54116230947253,
          49.624357941385185
        ]
      }
    },
    {
      "type": "Feature",
      "properties": {
        "GRID_ID": 299,
        "GRID_X": 1610500.0,
        "GRID_Y": 530500.0,
        "SPACING_M": 500
      },
      "geometry": {
        "type": "Point",
        "coordinates": [
          -117.56389833520679,
          49.46304249027429
        ]
      }
    },
    {
      "type": "Feature",
      "properties": {
        "GRID_ID": 300,
        "GRID_X": 1610500.0,
        "GRID_Y": 531000.0,
        "SPACING_M": 500
      },
      "geometry": {
        "type": "Point",
        "coordinates": [
          -117.56307879536807,
          49.46750919302569
        ]
      }
    },
    {
      "type": "Feature",
      "properties": {
        "GRID_ID": 301,
        "GRID_X": 1610500.0,
        "GRID_Y": 531500.0,
        "SPACING_M": 500
      },
      "geometry": {
        "type": "Point",
        "coordinates": [
          -117.56225909703744,
          49.47197586033366
        ]
      }
    },
    {
      "type": "Feature",
      "properties": {
        "GRID_ID": 302,
        "GRID_X": 1610500.0,
        "GRID_Y": 532000.0,
        "SPACING_M": 500
      },
      "geometry": {
        "type": "Point",
        "coordinates": [
          -117.56143924016916,
          49.47644249221662
        ]
      }
    },
    {
      "type": "Feature",
      "properties": {
        "GRID_ID": 303,
        "GRID_X": 1610500.0,
        "GRID_Y": 532500.0,
        "SPACING_M": 500
      },
      "geometry": {
        "type": "Point",
        "coordinates": [
          -117.56061922471743,
          49.48090908869327
        ]
      }
    },
    {
      "type": "Feature",
      "properties": {
        "GRID_ID": 304,
        "GRID_X": 1610500.0,
        "GRID_Y": 533000.0,
        "SPACING_M": 500
      },
      "geometry": {
        "type": "Point",
        "coordinates": [
          -117.55979905063646,
          49.48537564978199
        ]
      }
    },
    {
      "type": "Feature",
      "properties": {
        "GRID_ID": 305,
        "GRID_X": 1610500.0,
        "GRID_Y": 533500.0,
        "SPACING_M": 500
      },
      "geometry": {
        "type": "Point",
        "coordinates": [
          -117.55897871788042,
          49.489842175501394
        ]
      }
    },
    {
      "type": "Feature",
      "properties": {
        "GRID_ID": 306,
        "GRID_X": 1610500.0,
        "GRID_Y": 534000.0,
        "SPACING_M": 500
      },
      "geometry": {
        "type": "Point",
        "coordinates": [
          -117.55815822640349,
          49.49430866586987
        ]
      }
    },
    {
      "type": "Feature",
      "properties": {
        "GRID_ID": 307,
        "GRID_X": 1610500.0,
        "GRID_Y": 534500.0,
        "SPACING_M": 500
      },
      "geometry": {
        "type": "Point",
        "coordinates": [
          -117.55733757615987,
          49.498775120906046
        ]
      }
    },
    {
      "type": "Feature",
      "properties": {
        "GRID_ID": 308,
        "GRID_X": 1610500.0,
        "GRID_Y": 535000.0,
        "SPACING_M": 500
      },
      "geometry": {
        "type": "Point",
        "coordinates": [
          -117.55651676710362,
          49.503241540628466
        ]
      }
    },
    {
      "type": "Feature",
      "properties": {
        "GRID_ID": 309,
        "GRID_X": 1610500.0,
        "GRID_Y": 535500.0,
        "SPACING_M": 500
      },
      "geometry": {
        "type": "Point",
        "coordinates": [
          -117.55569579918888,
          49.50770792505561
        ]
      }
    },
    {
      "type": "Feature",
      "properties": {
        "GRID_ID": 310,
        "GRID_X": 1610500.0,
        "GRID_Y": 536000.0,
        "SPACING_M": 500
      },
      "geometry": {
        "type": "Point",
        "coordinates": [
          -117.55487467236976,
          49.51217427420609
        ]
      }
    },
    {
      "type": "Feature",
      "properties": {
        "GRID_ID": 311,
        "GRID_X": 1610500.0,
        "GRID_Y": 536500.0,
        "SPACING_M": 500
      },
      "geometry": {
        "type": "Point",
        "coordinates": [
          -117.55405338660036,
          49.51664058809841
        ]
      }
    },
    {
      "type": "Feature",
      "properties": {
        "GRID_ID": 312,
        "GRID_X": 1610500.0,
        "GRID_Y": 537000.0,
        "SPACING_M": 500
      },
      "geometry": {
        "type": "Point",
        "coordinates": [
          -117.5532319418347,
          49.521106866751055
        ]
      }
    },
    {
      "type": "Feature",
      "properties": {
        "GRID_ID": 313,
        "GRID_X": 1610500.0,
        "GRID_Y": 537500.0,
        "SPACING_M": 500
      },
      "geometry": {
        "type": "Point",
        "coordinates": [
          -117.55241033802683,
          49.52557311018265
        ]
      }
    },
    {
      "type": "Feature",
      "properties": {
        "GRID_ID": 314,
        "GRID_X": 1610500.0,
        "GRID_Y": 538000.0,
        "SPACING_M": 500
      },
      "geometry": {
        "type": "Point",
        "coordinates": [
          -117.55158857513081,
          49.530039318411674
        ]
      }
    },
    {
      "type": "Feature",
      "properties": {
        "GRID_ID": 315,
        "GRID_X": 1610500.0,
        "GRID_Y": 538500.0,
        "SPACING_M": 500
      },
      "geometry": {
        "type": "Point",
        "coordinates": [
          -117.55076665310064,
          49.53450549145671
        ]
      }
    },
    {
      "type": "Feature",
      "properties": {
        "GRID_ID": 316,
        "GRID_X": 1610500.0,
        "GRID_Y": 539000.0,
        "SPACING_M": 500
      },
      "geometry": {
        "type": "Point",
        "coordinates": [
          -117.5499445718903,
          49.53897162933634
        ]
      }
    },
    {
      "type": "Feature",
      "properties": {
        "GRID_ID": 317,
        "GRID_X": 1610500.0,
        "GRID_Y": 539500.0,
        "SPACING_M": 500
      },
      "geometry": {
        "type": "Point",
        "coordinates": [
          -117.54912233145375,
          49.54343773206918
        ]
      }
    },
    {
      "type": "Feature",
      "properties": {
        "GRID_ID": 318,
        "GRID_X": 1610500.0,
        "GRID_Y": 540000.0,
        "SPACING_M": 500
      },
      "geometry": {
        "type": "Point",
        "coordinates": [
          -117.54829993174498,
          49.54790379967364
        ]
      }
    },
    {
      "type": "Feature",
      "properties": {
        "GRID_ID": 319,
        "GRID_X": 1610500.0,
        "GRID_Y": 540500.0,
        "SPACING_M": 500
      },
      "geometry": {
        "type": "Point",
        "coordinates": [
          -117.54747737271792,
          49.55236983216838
        ]
      }
    },
    {
      "type": "Feature",
      "properties": {
        "GRID_ID": 320,
        "GRID_X": 1610500.0,
        "GRID_Y": 541000.0,
        "SPACING_M": 500
      },
      "geometry": {
        "type": "Point",
        "coordinates": [
          -117.5466546543265,
          49.556835829571966
        ]
      }
    },
    {
      "type": "Feature",
      "properties": {
        "GRID_ID": 321,
        "GRID_X": 1610500.0,
        "GRID_Y": 541500.0,
        "SPACING_M": 500
      },
      "geometry": {
        "type": "Point",
        "coordinates": [
          -117.54583177652461,
          49.56130179190297
        ]
      }
    },
    {
      "type": "Feature",
      "properties": {
        "GRID_ID": 322,
        "GRID_X": 1610500.0,
        "GRID_Y": 542000.0,
        "SPACING_M": 500
      },
      "geometry": {
        "type": "Point",
        "coordinates": [
          -117.54500873926612,
          49.56576771917999
        ]
      }
    },
    {
      "type": "Feature",
      "properties": {
        "GRID_ID": 323,
        "GRID_X": 1610500.0,
        "GRID_Y": 542500.0,
        "SPACING_M": 500
      },
      "geometry": {
        "type": "Point",
        "coordinates": [
          -117.54418554250495,
          49.57023361142157
        ]
      }
    },
    {
      "type": "Feature",
      "properties": {
        "GRID_ID": 324,
        "GRID_X": 1610500.0,
        "GRID_Y": 543000.0,
        "SPACING_M": 500
      },
      "geometry": {
        "type": "Point",
        "coordinates": [
          -117.54336218619488,
          49.574699468646216
        ]
      }
    },
    {
      "type": "Feature",
      "properties": {
        "GRID_ID": 325,
        "GRID_X": 1610500.0,
        "GRID_Y": 543500.0,
        "SPACING_M": 500
      },
      "geometry": {
        "type": "Point",
        "coordinates": [
          -117.54253867028984,
          49.5791652908727
        ]
      }
    },
    {
      "type": "Feature",
      "properties": {
        "GRID_ID": 326,
        "GRID_X": 1610500.0,
        "GRID_Y": 544000.0,
        "SPACING_M": 500
      },
      "geometry": {
        "type": "Point",
        "coordinates": [
          -117.54171499474357,
          49.58363107811939
        ]
      }
    },
    {
      "type": "Feature",
      "properties": {
        "GRID_ID": 327,
        "GRID_X": 1610500.0,
        "GRID_Y": 544500.0,
        "SPACING_M": 500
      },
      "geometry": {
        "type": "Point",
        "coordinates": [
          -117.54089115950988,
          49.58809683040504
        ]
      }
    },
    {
      "type": "Feature",
      "properties": {
        "GRID_ID": 328,
        "GRID_X": 1610500.0,
        "GRID_Y": 545000.0,
        "SPACING_M": 500
      },
      "geometry": {
        "type": "Point",
        "coordinates": [
          -117.54006716454256,
          49.59256254774818
        ]
      }
    },
    {
      "type": "Feature",
      "properties": {
        "GRID_ID": 329,
        "GRID_X": 1610500.0,
        "GRID_Y": 545500.0,
        "SPACING_M": 500
      },
      "geometry": {
        "type": "Point",
        "coordinates": [
          -117.53924300979537,
          49.59702823016748
        ]
      }
    },
    {
      "type": "Feature",
      "properties": {
        "GRID_ID": 330,
        "GRID_X": 1610500.0,
        "GRID_Y": 546000.0,
        "SPACING_M": 500
      },
      "geometry": {
        "type": "Point",
        "coordinates": [
          -117.53841869522208,
          49.60149387768147
        ]
      }
    },
    {
      "type": "Feature",
      "properties": {
        "GRID_ID": 331,
        "GRID_X": 1610500.0,
        "GRID_Y": 546500.0,
        "SPACING_M": 500
      },
      "geometry": {
        "type": "Point",
        "coordinates": [
          -117.53759422077637,
          49.60595949030866
        ]
      }
    },
    {
      "type": "Feature",
      "properties": {
        "GRID_ID": 332,
        "GRID_X": 1610500.0,
        "GRID_Y": 547000.0,
        "SPACING_M": 500
      },
      "geometry": {
        "type": "Point",
        "coordinates": [
          -117.53676958641198,
          49.610425068067826
        ]
      }
    },
    {
      "type": "Feature",
      "properties": {
        "GRID_ID": 333,
        "GRID_X": 1610500.0,
        "GRID_Y": 547500.0,
        "SPACING_M": 500
      },
      "geometry": {
        "type": "Point",
        "coordinates": [
          -117.5359447920826,
          49.61489061097758
        ]
      }
    },
    {
      "type": "Feature",
      "properties": {
        "GRID_ID": 334,
        "GRID_X": 1610500.0,
        "GRID_Y": 548000.0,
        "SPACING_M": 500
      },
      "geometry": {
        "type": "Point",
        "coordinates": [
          -117.53511983774187,
          49.619356119056384
        ]
      }
    },
    {
      "type": "Feature",
      "properties": {
        "GRID_ID": 335,
        "GRID_X": 1611000.0,
        "GRID_Y": 529500.0,
        "SPACING_M": 500
      },
      "geometry": {
        "type": "Point",
        "coordinates": [
          -117.55869437440599,
          49.45357403559759
        ]
      }
    },
    {
      "type": "Feature",
      "properties": {
        "GRID_ID": 336,
        "GRID_X": 1611000.0,
        "GRID_Y": 530000.0,
        "SPACING_M": 500
      },
      "geometry": {
        "type": "Point",
        "coordinates": [
          -117.55787449945299,
          49.458040761089755
        ]
      }
    },
    {
      "type": "Feature",
      "properties": {
        "GRID_ID": 337,
        "GRID_X": 1611000.0,
        "GRID_Y": 530500.0,
        "SPACING_M": 500
      },
      "geometry": {
        "type": "Point",
        "coordinates": [
          -117.55705446597716,
          49.46250745108979
        ]
      }
    },
    {
      "type": "Feature",
      "properties": {
        "GRID_ID": 338,
        "GRID_X": 1611000.0,
        "GRID_Y": 531000.0,
        "SPACING_M": 500
      },
      "geometry": {
        "type": "Point",
        "coordinates": [
          -117.55623427393273,
          49.46697410561621
        ]
      }
    },
    {
      "type": "Feature",
      "properties": {
        "GRID_ID": 339,
        "GRID_X": 1611000.0,
        "GRID_Y": 531500.0,
        "SPACING_M": 500
      },
      "geometry": {
        "type": "Point",
        "coordinates": [
          -117.55541392327397,
          49.471440724687525
        ]
      }
    },
    {
      "type": "Feature",
      "properties": {
        "GRID_ID": 340,
        "GRID_X": 1611000.0,
        "GRID_Y": 532000.0,
        "SPACING_M": 500
      },
      "geometry": {
        "type": "Point",
        "coordinates": [
          -117.55459341395505,
          49.47590730832225
        ]
      }
    },
    {
      "type": "Feature",
      "properties": {
        "GRID_ID": 341,
        "GRID_X": 1611000.0,
        "GRID_Y": 532500.0,
        "SPACING_M": 500
      },
      "geometry": {
        "type": "Point",
        "coordinates": [
          -117.55377274593015,
          49.48037385653884
        ]
      }
    },
    {
      "type": "Feature",
      "properties": {
        "GRID_ID": 342,
        "GRID_X": 1611000.0,
        "GRID_Y": 533000.0,
        "SPACING_M": 500
      },
      "geometry": {
        "type": "Point",
        "coordinates": [
          -117.55295191915346,
          49.48484036935585
        ]
      }
    },
    {
      "type": "Feature",
      "properties": {
        "GRID_ID": 343,
        "GRID_X": 1611000.0,
        "GRID_Y": 533500.0,
        "SPACING_M": 500
      },
      "geometry": {
        "type": "Point",
        "coordinates": [
          -117.55213093357912,
          49.48930684679185
        ]
      }
    },
    {
      "type": "Feature",
      "properties": {
        "GRID_ID": 344,
        "GRID_X": 1611000.0,
        "GRID_Y": 534000.0,
        "SPACING_M": 500
      },
      "geometry": {
        "type": "Point",
        "coordinates": [
          -117.55130978916127,
          49.493773288865235
        ]
      }
    },
    {
      "type": "Feature",
      "properties": {
        "GRID_ID": 345,
        "GRID_X": 1611000.0,
        "GRID_Y": 534500.0,
        "SPACING_M": 500
      },
      "geometry": {
        "type": "Point",
        "coordinates": [
          -117.55048848585402,
          49.498239695594634
        ]
      }
    },
    {
      "type": "Feature",
      "properties": {
        "GRID_ID": 346,
        "GRID_X": 1611000.0,
        "GRID_Y": 535000.0,
        "SPACING_M": 500
      },
      "geometry": {
        "type": "Point",
        "coordinates": [
          -117.54966702361146,
          49.502706066998556
        ]
      }
    },
    {
      "type": "Feature",
      "properties": {
        "GRID_ID": 347,
        "GRID_X": 1611000.0,
        "GRID_Y": 535500.0,
        "SPACING_M": 500
      },
      "geometry": {
        "type": "Point",
        "coordinates": [
          -117.54884540238773,
          49.50717240309551
        ]
      }
    },
    {
      "type": "Feature",
      "properties": {
        "GRID_ID": 348,
        "GRID_X": 1611000.0,
        "GRID_Y": 536000.0,
        "SPACING_M": 500
      },
      "geometry": {
        "type": "Point",
        "coordinates": [
          -117.54802362213684,
          49.51163870390407
        ]
      }
    },
    {
      "type": "Feature",
      "properties": {
        "GRID_ID": 349,
        "GRID_X": 1611000.0,
        "GRID_Y": 536500.0,
        "SPACING_M": 500
      },
      "geometry": {
        "type": "Point",
        "coordinates": [
          -117.54720168281284,
          49.51610496944271
        ]
      }
    },
    {
      "type": "Feature",
      "properties": {
        "GRID_ID": 350,
        "GRID_X": 1611000.0,
        "GRID_Y": 537000.0,
        "SPACING_M": 500
      },
      "geometry": {
        "type": "Point",
        "coordinates": [
          -117.54637958436977,
          49.52057119973003
        ]
      }
    },
    {
      "type": "Feature",
      "properties": {
        "GRID_ID": 351,
        "GRID_X": 1611000.0,
        "GRID_Y": 537500.0,
        "SPACING_M": 500
      },
      "geometry": {
        "type": "Point",
        "coordinates": [
          -117.54555732676164,
          49.52503739478452
        ]
      }
    },
    {
      "type": "Feature",
      "properties": {
        "GRID_ID": 352,
        "GRID_X": 1611000.0,
        "GRID_Y": 538000.0,
        "SPACING_M": 500
      },
      "geometry": {
        "type": "Point",
        "coordinates": [
          -117.54473490994243,
          49.529503554624725
        ]
      }
    },
    {
      "type": "Feature",
      "properties": {
        "GRID_ID": 353,
        "GRID_X": 1611000.0,
        "GRID_Y": 538500.0,
        "SPACING_M": 500
      },
      "geometry": {
        "type": "Point",
        "coordinates": [
          -117.54391233386615,
          49.5339696792693
        ]
      }
    },
    {
      "type": "Feature",
      "properties": {
        "GRID_ID": 354,
        "GRID_X": 1611000.0,
        "GRID_Y": 539000.0,
        "SPACING_M": 500
      },
      "geometry": {
        "type": "Point",
        "coordinates": [
          -117.54308959848674,
          49.53843576873663
        ]
      }
    },
    {
      "type": "Feature",
      "properties": {
        "GRID_ID": 355,
        "GRID_X": 1611000.0,
        "GRID_Y": 539500.0,
        "SPACING_M": 500
      },
      "geometry": {
        "type": "Point",
        "coordinates": [
          -117.54226670375812,
          49.54290182304542
        ]
      }
    },
    {
      "type": "Feature",
      "properties": {
        "GRID_ID": 356,
        "GRID_X": 1611000.0,
        "GRID_Y": 540000.0,
        "SPACING_M": 500
      },
      "geometry": {
        "type": "Point",
        "coordinates": [
          -117.54144364963425,
          49.547367842214165
        ]
      }
    },
    {
      "type": "Feature",
      "properties": {
        "GRID_ID": 357,
        "GRID_X": 1611000.0,
        "GRID_Y": 540500.0,
        "SPACING_M": 500
      },
      "geometry": {
        "type": "Point",
        "coordinates": [
          -117.54062043606903,
          49.55183382626144
        ]
      }
    },
    {
      "type": "Feature",
      "properties": {
        "GRID_ID": 358,
        "GRID_X": 1611000.0,
        "GRID_Y": 541000.0,
        "SPACING_M": 500
      },
      "geometry": {
        "type": "Point",
        "coordinates": [
          -117.53979706301631,
          49.55629977520578
        ]
      }
    },
    {
      "type": "Feature",
      "properties": {
        "GRID_ID": 359,
        "GRID_X": 1611000.0,
        "GRID_Y": 541500.0,
        "SPACING_M": 500
      },
      "geometry": {
        "type": "Point",
        "coordinates": [
          -117.53897353043001,
          49.56076568906578
        ]
      }
    },
    {
      "type": "Feature",
      "properties": {
        "GRID_ID": 360,
        "GRID_X": 1611000.0,
        "GRID_Y": 542000.0,
        "SPACING_M": 500
      },
      "geometry": {
        "type": "Point",
        "coordinates": [
          -117.53814983826393,
          49.56523156785996
        ]
      }
    },
    {
      "type": "Feature",
      "properties": {
        "GRID_ID": 361,
        "GRID_X": 1611000.0,
        "GRID_Y": 542500.0,
        "SPACING_M": 500
      },
      "geometry": {
        "type": "Point",
        "coordinates": [
          -117.53732598647198,
          49.569697411607045
        ]
      }
    },
    {
      "type": "Feature",
      "properties": {
        "GRID_ID": 362,
        "GRID_X": 1611000.0,
        "GRID_Y": 543000.0,
        "SPACING_M": 500
      },
      "geometry": {
        "type": "Point",
        "coordinates": [
          -117.5365019750079,
          49.57416322032546
        ]
      }
    },
    {
      "type": "Feature",
      "properties": {
        "GRID_ID": 363,
        "GRID_X": 1611000.0,
        "GRID_Y": 543500.0,
        "SPACING_M": 500
      },
      "geometry": {
        "type": "Point",
        "coordinates": [
          -117.53567780382552,
          49.578628994033814
        ]
      }
    },
    {
      "type": "Feature",
      "properties": {
        "GRID_ID": 364,
        "GRID_X": 1611000.0,
        "GRID_Y": 544000.0,
        "SPACING_M": 500
      },
      "geometry": {
        "type": "Point",
        "coordinates": [
          -117.53485347287864,
          49.58309473275072
        ]
      }
    },
    {
      "type": "Feature",
      "properties": {
        "GRID_ID": 365,
        "GRID_X": 1611000.0,
        "GRID_Y": 544500.0,
        "SPACING_M": 500
      },
      "geometry": {
        "type": "Point",
        "coordinates": [
          -117.534028982121,
          49.58756043649475
        ]
      }
    },
    {
      "type": "Feature",
      "properties": {
        "GRID_ID": 366,
        "GRID_X": 1611000.0,
        "GRID_Y": 545000.0,
        "SPACING_M": 500
      },
      "geometry": {
        "type": "Point",
        "coordinates": [
          -117.53320433150633,
          49.592026105284525
        ]
      }
    },
    {
      "type": "Feature",
      "properties": {
        "GRID_ID": 367,
        "GRID_X": 1611000.0,
        "GRID_Y": 545500.0,
        "SPACING_M": 500
      },
      "geometry": {
        "type": "Point",
        "coordinates": [
          -117.5323795209884,
          49.59649173913862
        ]
      }
    },
    {
      "type": "Feature",
      "properties": {
        "GRID_ID": 368,
        "GRID_X": 1611000.0,
        "GRID_Y": 546000.0,
        "SPACING_M": 500
      },
      "geometry": {
        "type": "Point",
        "coordinates": [
          -117.53155455052092,
          49.60095733807565
        ]
      }
    },
    {
      "type": "Feature",
      "properties": {
        "GRID_ID": 369,
        "GRID_X": 1611000.0,
        "GRID_Y": 546500.0,
        "SPACING_M": 500
      },
      "geometry": {
        "type": "Point",
        "coordinates": [
          -117.53072942005754,
          49.60542290211417
        ]
      }
    },
    {
      "type": "Feature",
      "properties": {
        "GRID_ID": 370,
        "GRID_X": 1611000.0,
        "GRID_Y": 547000.0,
        "SPACING_M": 500
      },
      "geometry": {
        "type": "Point",
        "coordinates": [
          -117.52990412955198,
          49.609888431272736
        ]
      }
    },
    {
      "type": "Feature",
      "properties": {
        "GRID_ID": 371,
        "GRID_X": 1611000.0,
        "GRID_Y": 547500.0,
        "SPACING_M": 500
      },
      "geometry": {
        "type": "Point",
        "coordinates": [
          -117.52907867895786,
          49.614353925570114
        ]
      }
    },
    {
      "type": "Feature",
      "properties": {
        "GRID_ID": 372,
        "GRID_X": 1611000.0,
        "GRID_Y": 548000.0,
        "SPACING_M": 500
      },
      "geometry": {
        "type": "Point",
        "coordinates": [
          -117.52825306822884,
          49.6188193850248
        ]
      }
    },
    {
      "type": "Feature",
      "properties": {
        "GRID_ID": 373,
        "GRID_X": 1611500.0,
        "GRID_Y": 529000.0,
        "SPACING_M": 500
      },
      "geometry": {
        "type": "Point",
        "coordinates": [
          -117.5526723359663,
          49.44857194789238
        ]
      }
    },
    {
      "type": "Feature",
      "properties": {
        "GRID_ID": 374,
        "GRID_X": 1611500.0,
        "GRID_Y": 529500.0,
        "SPACING_M": 500
      },
      "geometry": {
        "type": "Point",
        "coordinates": [
          -117.55185196769759,
          49.453038660667765
        ]
      }
    },
    {
      "type": "Feature",
      "properties": {
        "GRID_ID": 375,
        "GRID_X": 1611500.0,
        "GRID_Y": 530000.0,
        "SPACING_M": 500
      },
      "geometry": {
        "type": "Point",
        "coordinates": [
          -117.55103144082946,
          49.457505337920814
        ]
      }
    },
    {
      "type": "Feature",
      "properties": {
        "GRID_ID": 376,
        "GRID_X": 1611500.0,
        "GRID_Y": 530500.0,
        "SPACING_M": 500
      },
      "geometry": {
        "type": "Point",
        "coordinates": [
          -117.5502107553161,
          49.461971979670004
        ]
      }
    },
    {
      "type": "Feature",
      "properties": {
        "GRID_ID": 377,
        "GRID_X": 1611500.0,
        "GRID_Y": 531000.0,
        "SPACING_M": 500
      },
      "geometry": {
        "type": "Point",
        "coordinates": [
          -117.54938991111179,
          49.466438585933965
        ]
      }
    },
    {
      "type": "Feature",
      "properties": {
        "GRID_ID": 378,
        "GRID_X": 1611500.0,
        "GRID_Y": 531500.0,
        "SPACING_M": 500
      },
      "geometry": {
        "type": "Point",
        "coordinates": [
          -117.54856890817065,
          49.47090515673113
        ]
      }
    },
    {
      "type": "Feature",
      "properties": {
        "GRID_ID": 379,
        "GRID_X": 1611500.0,
        "GRID_Y": 532000.0,
        "SPACING_M": 500
      },
      "geometry": {
        "type": "Point",
        "coordinates": [
          -117.54774774644692,
          49.47537169207995
        ]
      }
    },
    {
      "type": "Feature",
      "properties": {
        "GRID_ID": 380,
        "GRID_X": 1611500.0,
        "GRID_Y": 532500.0,
        "SPACING_M": 500
      },
      "geometry": {
        "type": "Point",
        "coordinates": [
          -117.54692642589467,
          49.47983819199901
        ]
      }
    },
    {
      "type": "Feature",
      "properties": {
        "GRID_ID": 381,
        "GRID_X": 1611500.0,
        "GRID_Y": 533000.0,
        "SPACING_M": 500
      },
      "geometry": {
        "type": "Point",
        "coordinates": [
          -117.54610494646809,
          49.484304656506744
        ]
      }
    },
    {
      "type": "Feature",
      "properties": {
        "GRID_ID": 382,
        "GRID_X": 1611500.0,
        "GRID_Y": 533500.0,
        "SPACING_M": 500
      },
      "geometry": {
        "type": "Point",
        "coordinates": [
          -117.54528330812131,
          49.488771085621764
        ]
      }
    },
    {
      "type": "Feature",
      "properties": {
        "GRID_ID": 383,
        "GRID_X": 1611500.0,
        "GRID_Y": 534000.0,
        "SPACING_M": 500
      },
      "geometry": {
        "type": "Point",
        "coordinates": [
          -117.5444615108084,
          49.4932374793625
        ]
      }
    },
    {
      "type": "Feature",
      "properties": {
        "GRID_ID": 384,
        "GRID_X": 1611500.0,
        "GRID_Y": 534500.0,
        "SPACING_M": 500
      },
      "geometry": {
        "type": "Point",
        "coordinates": [
          -117.54363955448348,
          49.497703837747586
        ]
      }
    },
    {
      "type": "Feature",
      "properties": {
        "GRID_ID": 385,
        "GRID_X": 1611500.0,
        "GRID_Y": 535000.0,
        "SPACING_M": 500
      },
      "geometry": {
        "type": "Point",
        "coordinates": [
          -117.54281743910055,
          49.50217016079539
        ]
      }
    },
    {
      "type": "Feature",
      "properties": {
        "GRID_ID": 386,
        "GRID_X": 1611500.0,
        "GRID_Y": 535500.0,
        "SPACING_M": 500
      },
      "geometry": {
        "type": "Point",
        "coordinates": [
          -117.54199516461372,
          49.506636448524574
        ]
      }
    },
    {
      "type": "Feature",
      "properties": {
        "GRID_ID": 387,
        "GRID_X": 1611500.0,
        "GRID_Y": 536000.0,
        "SPACING_M": 500
      },
      "geometry": {
        "type": "Point",
        "coordinates": [
          -117.54117273097698,
          49.51110270095358
        ]
      }
    },
    {
      "type": "Feature",
      "properties": {
        "GRID_ID": 388,
        "GRID_X": 1611500.0,
        "GRID_Y": 536500.0,
        "SPACING_M": 500
      },
      "geometry": {
        "type": "Point",
        "coordinates": [
          -117.54035013814439,
          49.515568918100996
        ]
      }
    },
    {
      "type": "Feature",
      "properties": {
        "GRID_ID": 389,
        "GRID_X": 1611500.0,
        "GRID_Y": 537000.0,
        "SPACING_M": 500
      },
      "geometry": {
        "type": "Point",
        "coordinates": [
          -117.5395273860699,
          49.52003509998529
        ]
      }
    },
    {
      "type": "Feature",
      "properties": {
        "GRID_ID": 390,
        "GRID_X": 1611500.0,
        "GRID_Y": 537500.0,
        "SPACING_M": 500
      },
      "geometry": {
        "type": "Point",
        "coordinates": [
          -117.53870447470749,
          49.524501246625114
        ]
      }
    },
    {
      "type": "Feature",
      "properties": {
        "GRID_ID": 391,
        "GRID_X": 1611500.0,
        "GRID_Y": 538000.0,
        "SPACING_M": 500
      },
      "geometry": {
        "type": "Point",
        "coordinates": [
          -117.53788140401116,
          49.52896735803894
        ]
      }
    },
    {
      "type": "Feature",
      "properties": {
        "GRID_ID": 392,
        "GRID_X": 1611500.0,
        "GRID_Y": 538500.0,
        "SPACING_M": 500
      },
      "geometry": {
        "type": "Point",
        "coordinates": [
          -117.5370581739348,
          49.53343343424527
        ]
      }
    },
    {
      "type": "Feature",
      "properties": {
        "GRID_ID": 393,
        "GRID_X": 1611500.0,
        "GRID_Y": 539000.0,
        "SPACING_M": 500
      },
      "geometry": {
        "type": "Point",
        "coordinates": [
          -117.53623478443238,
          49.5378994752627
        ]
      }
    },
    {
      "type": "Feature",
      "properties": {
        "GRID_ID": 394,
        "GRID_X": 1611500.0,
        "GRID_Y": 539500.0,
        "SPACING_M": 500
      },
      "geometry": {
        "type": "Point",
        "coordinates": [
          -117.53541123545777,
          49.54236548110987
        ]
      }
    },
    {
      "type": "Feature",
      "properties": {
        "GRID_ID": 395,
        "GRID_X": 1611500.0,
        "GRID_Y": 540000.0,
        "SPACING_M": 500
      },
      "geometry": {
        "type": "Point",
        "coordinates": [
          -117.5345875269649,
          49.54683145180518
        ]
      }
    },
    {
      "type": "Feature",
      "properties": {
        "GRID_ID": 396,
        "GRID_X": 1611500.0,
        "GRID_Y": 540500.0,
        "SPACING_M": 500
      },
      "geometry": {
        "type": "Point",
        "coordinates": [
          -117.53376365890759,
          49.55129738736725
        ]
      }
    },
    {
      "type": "Feature",
      "properties": {
        "GRID_ID": 397,
        "GRID_X": 1611500.0,
        "GRID_Y": 541000.0,
        "SPACING_M": 500
      },
      "geometry": {
        "type": "Point",
        "coordinates": [
          -117.53293963123974,
          49.55576328781466
        ]
      }
    },
    {
      "type": "Feature",
      "properties": {
        "GRID_ID": 398,
        "GRID_X": 1611500.0,
        "GRID_Y": 541500.0,
        "SPACING_M": 500
      },
      "geometry": {
        "type": "Point",
        "coordinates": [
          -117.53211544391516,
          49.56022915316591
        ]
      }
    },
    {
      "type": "Feature",
      "properties": {
        "GRID_ID": 399,
        "GRID_X": 1611500.0,
        "GRID_Y": 542000.0,
        "SPACING_M": 500
      },
      "geometry": {
        "type": "Point",
        "coordinates": [
          -117.5312910968877,
          49.56469498343969
        ]
      }
    },
    {
      "type": "Feature",
      "properties": {
        "GRID_ID": 400,
        "GRID_X": 1611500.0,
        "GRID_Y": 542500.0,
        "SPACING_M": 500
      },
      "geometry": {
        "type": "Point",
        "coordinates": [
          -117.53046659011109,
          49.569160778654506
        ]
      }
    },
    {
      "type": "Feature",
      "properties": {
        "GRID_ID": 401,
        "GRID_X": 1611500.0,
        "GRID_Y": 543000.0,
        "SPACING_M": 500
      },
      "geometry": {
        "type": "Point",
        "coordinates": [
          -117.52964192353919,
          49.57362653882894
        ]
      }
    },
    {
      "type": "Feature",
      "properties": {
        "GRID_ID": 402,
        "GRID_X": 1611500.0,
        "GRID_Y": 543500.0,
        "SPACING_M": 500
      },
      "geometry": {
        "type": "Point",
        "coordinates": [
          -117.52881709712574,
          49.57809226398148
        ]
      }
    },
    {
      "type": "Feature",
      "properties": {
        "GRID_ID": 403,
        "GRID_X": 1611500.0,
        "GRID_Y": 544000.0,
        "SPACING_M": 500
      },
      "geometry": {
        "type": "Point",
        "coordinates": [
          -117.52799211082446,
          49.58255795413083
        ]
      }
    },
    {
      "type": "Feature",
      "properties": {
        "GRID_ID": 404,
        "GRID_X": 1611500.0,
        "GRID_Y": 544500.0,
        "SPACING_M": 500
      },
      "geometry": {
        "type": "Point",
        "coordinates": [
          -117.52716696458911,
          49.58702360929552
        ]
      }
    },
    {
      "type": "Feature",
      "properties": {
        "GRID_ID": 405,
        "GRID_X": 1611500.0,
        "GRID_Y": 545000.0,
        "SPACING_M": 500
      },
      "geometry": {
        "type": "Point",
        "coordinates": [
          -117.5263416583734,
          49.59148922949416
        ]
      }
    },
    {
      "type": "Feature",
      "properties": {
        "GRID_ID": 406,
        "GRID_X": 1611500.0,
        "GRID_Y": 545500.0,
        "SPACING_M": 500
      },
      "geometry": {
        "type": "Point",
        "coordinates": [
          -117.52551619213102,
          49.59595481474529
        ]
      }
    },
    {
      "type": "Feature",
      "properties": {
        "GRID_ID": 407,
        "GRID_X": 1611500.0,
        "GRID_Y": 546000.0,
        "SPACING_M": 500
      },
      "geometry": {
        "type": "Point",
        "coordinates": [
          -117.52469056581563,
          49.600420365067556
        ]
      }
    },
    {
      "type": "Feature",
      "properties": {
        "GRID_ID": 408,
        "GRID_X": 1611500.0,
        "GRID_Y": 546500.0,
        "SPACING_M": 500
      },
      "geometry": {
        "type": "Point",
        "coordinates": [
          -117.52386477938092,
          49.604885880479515
        ]
      }
    },
    {
      "type": "Feature",
      "properties": {
        "GRID_ID": 409,
        "GRID_X": 1611500.0,
        "GRID_Y": 547000.0,
        "SPACING_M": 500
      },
      "geometry": {
        "type": "Point",
        "coordinates": [
          -117.5230388327805,
          49.60935136099978
        ]
      }
    },
    {
      "type": "Feature",
      "properties": {
        "GRID_ID": 410,
        "GRID_X": 1611500.0,
        "GRID_Y": 547500.0,
        "SPACING_M": 500
      },
      "geometry": {
        "type": "Point",
        "coordinates": [
          -117.522212725968,
          49.61381680664698
        ]
      }
    },
    {
      "type": "Feature",
      "properties": {
        "GRID_ID": 411,
        "GRID_X": 1611500.0,
        "GRID_Y": 548000.0,
        "SPACING_M": 500
      },
      "geometry": {
        "type": "Point",
        "coordinates": [
          -117.52138645889704,
          49.61828221743969
        ]
      }
    },
    {
      "type": "Feature",
      "properties": {
        "GRID_ID": 412,
        "GRID_X": 1612000.0,
        "GRID_Y": 528500.0,
        "SPACING_M": 500
      },
      "geometry": {
        "type": "Point",
        "coordinates": [
          -117.54665160094419,
          49.443569489018216
        ]
      }
    },
    {
      "type": "Feature",
      "properties": {
        "GRID_ID": 413,
        "GRID_X": 1612000.0,
        "GRID_Y": 529000.0,
        "SPACING_M": 500
      },
      "geometry": {
        "type": "Point",
        "coordinates": [
          -117.54583073960437,
          49.44803618908109
        ]
      }
    },
    {
      "type": "Feature",
      "properties": {
        "GRID_ID": 414,
        "GRID_X": 1612000.0,
        "GRID_Y": 529500.0,
        "SPACING_M": 500
      },
      "geometry": {
        "type": "Point",
        "coordinates": [
          -117.54500971958859,
          49.452502853591525
        ]
      }
    },
    {
      "type": "Feature",
      "properties": {
        "GRID_ID": 415,
        "GRID_X": 1612000.0,
        "GRID_Y": 530000.0,
        "SPACING_M": 500
      },
      "geometry": {
        "type": "Point",
        "coordinates": [
          -117.5441885408511,
          49.45696948256796
        ]
      }
    },
    {
      "type": "Feature",
      "properties": {
        "GRID_ID": 416,
        "GRID_X": 1612000.0,
        "GRID_Y": 530500.0,
        "SPACING_M": 500
      },
      "geometry": {
        "type": "Point",
        "coordinates": [
          -117.54336720334604,
          49.46143607602893
        ]
      }
    },
    {
      "type": "Feature",
      "properties": {
        "GRID_ID": 417,
        "GRID_X": 1612000.0,
        "GRID_Y": 531000.0,
        "SPACING_M": 500
      },
      "geometry": {
        "type": "Point",
        "coordinates": [
          -117.54254570702761,
          49.46590263399288
        ]
      }
    },
    {
      "type": "Feature",
      "properties": {
        "GRID_ID": 418,
        "GRID_X": 1612000.0,
        "GRID_Y": 531500.0,
        "SPACING_M": 500
      },
      "geometry": {
        "type": "Point",
        "coordinates": [
          -117.54172405184995,
          49.4703691564783
        ]
      }
    },
    {
      "type": "Feature",
      "properties": {
        "GRID_ID": 419,
        "GRID_X": 1612000.0,
        "GRID_Y": 532000.0,
        "SPACING_M": 500
      },
      "geometry": {
        "type": "Point",
        "coordinates": [
          -117.54090223776723,
          49.47483564350377
        ]
      }
    },
    {
      "type": "Feature",
      "properties": {
        "GRID_ID": 420,
        "GRID_X": 1612000.0,
        "GRID_Y": 532500.0,
        "SPACING_M": 500
      },
      "geometry": {
        "type": "Point",
        "coordinates": [
          -117.54008026473352,
          49.47930209508773
        ]
      }
    },
    {
      "type": "Feature",
      "properties": {
        "GRID_ID": 421,
        "GRID_X": 1612000.0,
        "GRID_Y": 533000.0,
        "SPACING_M": 500
      },
      "geometry": {
        "type": "Point",
        "coordinates": [
          -117.53925813270298,
          49.48376851124867
        ]
      }
    },
    {
      "type": "Feature",
      "properties": {
        "GRID_ID": 422,
        "GRID_X": 1612000.0,
        "GRID_Y": 533500.0,
        "SPACING_M": 500
      },
      "geometry": {
        "type": "Point",
        "coordinates": [
          -117.53843584162964,
          49.48823489200516
        ]
      }
    },
    {
      "type": "Feature",
      "properties": {
        "GRID_ID": 423,
        "GRID_X": 1612000.0,
        "GRID_Y": 534000.0,
        "SPACING_M": 500
      },
      "geometry": {
        "type": "Point",
        "coordinates": [
          -117.5376133914676,
          49.49270123737571
        ]
      }
    },
    {
      "type": "Feature",
      "properties": {
        "GRID_ID": 424,
        "GRID_X": 1612000.0,
        "GRID_Y": 534500.0,
        "SPACING_M": 500
      },
      "geometry": {
        "type": "Point",
        "coordinates": [
          -117.53679078217088,
          49.497167547378815
        ]
      }
    },
    {
      "type": "Feature",
      "properties": {
        "GRID_ID": 425,
        "GRID_X": 1612000.0,
        "GRID_Y": 535000.0,
        "SPACING_M": 500
      },
      "geometry": {
        "type": "Point",
        "coordinates": [
          -117.53596801369353,
          49.501633822033
        ]
      }
    },
    {
      "type": "Feature",
      "properties": {
        "GRID_ID": 426,
        "GRID_X": 1612000.0,
        "GRID_Y": 535500.0,
        "SPACING_M": 500
      },
      "geometry": {
        "type": "Point",
        "coordinates": [
          -117.53514508598961,
          49.50610006135681
        ]
      }
    },
    {
      "type": "Feature",
      "properties": {
        "GRID_ID": 427,
        "GRID_X": 1612000.0,
        "GRID_Y": 536000.0,
        "SPACING_M": 500
      },
      "geometry": {
        "type": "Point",
        "coordinates": [
          -117.53432199901302,
          49.510566265368716
        ]
      }
    },
    {
      "type": "Feature",
      "properties": {
        "GRID_ID": 428,
        "GRID_X": 1612000.0,
        "GRID_Y": 536500.0,
        "SPACING_M": 500
      },
      "geometry": {
        "type": "Point",
        "coordinates": [
          -117.53349875271782,
          49.51503243408727
        ]
      }
    },
    {
      "type": "Feature",
      "properties": {
        "GRID_ID": 429,
        "GRID_X": 1612000.0,
        "GRID_Y": 537000.0,
        "SPACING_M": 500
      },
      "geometry": {
        "type": "Point",
        "coordinates": [
          -117.53267534705793,
          49.51949856753099
        ]
      }
    },
    {
      "type": "Feature",
      "properties": {
        "GRID_ID": 430,
        "GRID_X": 1612000.0,
        "GRID_Y": 537500.0,
        "SPACING_M": 500
      },
      "geometry": {
        "type": "Point",
        "coordinates": [
          -117.53185178198731,
          49.52396466571853
        ]
      }
    },
    {
      "type": "Feature",
      "properties": {
        "GRID_ID": 431,
        "GRID_X": 1612000.0,
        "GRID_Y": 538000.0,
        "SPACING_M": 500
      },
      "geometry": {
        "type": "Point",
        "coordinates": [
          -117.53102805745986,
          49.52843072866824
        ]
      }
    },
    {
      "type": "Feature",
      "properties": {
        "GRID_ID": 432,
        "GRID_X": 1612000.0,
        "GRID_Y": 538500.0,
        "SPACING_M": 500
      },
      "geometry": {
        "type": "Point",
        "coordinates": [
          -117.53020417342952,
          49.532896756398756
        ]
      }
    },
    {
      "type": "Feature",
      "properties": {
        "GRID_ID": 433,
        "GRID_X": 1612000.0,
        "GRID_Y": 539000.0,
        "SPACING_M": 500
      },
      "geometry": {
        "type": "Point",
        "coordinates": [
          -117.5293801298502,
          49.537362748928615
        ]
      }
    },
    {
      "type": "Feature",
      "properties": {
        "GRID_ID": 434,
        "GRID_X": 1612000.0,
        "GRID_Y": 539500.0,
        "SPACING_M": 500
      },
      "geometry": {
        "type": "Point",
        "coordinates": [
          -117.52855592667571,
          49.541828706276426
        ]
      }
    },
    {
      "type": "Feature",
      "properties": {
        "GRID_ID": 435,
        "GRID_X": 1612000.0,
        "GRID_Y": 540000.0,
        "SPACING_M": 500
      },
      "geometry": {
        "type": "Point",
        "coordinates": [
          -117.52773156385993,
          49.54629462846066
        ]
      }
    },
    {
      "type": "Feature",
      "properties": {
        "GRID_ID": 436,
        "GRID_X": 1612000.0,
        "GRID_Y": 540500.0,
        "SPACING_M": 500
      },
      "geometry": {
        "type": "Point",
        "coordinates": [
          -117.52690704135672,
          49.55076051549991
        ]
      }
    },
    {
      "type": "Feature",
      "properties": {
        "GRID_ID": 437,
        "GRID_X": 1612000.0,
        "GRID_Y": 541000.0,
        "SPACING_M": 500
      },
      "geometry": {
        "type": "Point",
        "coordinates": [
          -117.52608235911988,
          49.55522636741265
        ]
      }
    },
    {
      "type": "Feature",
      "properties": {
        "GRID_ID": 438,
        "GRID_X": 1612000.0,
        "GRID_Y": 541500.0,
        "SPACING_M": 500
      },
      "geometry": {
        "type": "Point",
        "coordinates": [
          -117.52525751710323,
          49.559692184217596
        ]
      }
    },
    {
      "type": "Feature",
      "properties": {
        "GRID_ID": 439,
        "GRID_X": 1612000.0,
        "GRID_Y": 542000.0,
        "SPACING_M": 500
      },
      "geometry": {
        "type": "Point",
        "coordinates": [
          -117.5244325152605,
          49.56415796593318
        ]
      }
    },
    {
      "type": "Feature",
      "properties": {
        "GRID_ID": 440,
        "GRID_X": 1612000.0,
        "GRID_Y": 542500.0,
        "SPACING_M": 500
      },
      "geometry": {
        "type": "Point",
        "coordinates": [
          -117.52360735354553,
          49.568623712578045
        ]
      }
    },
    {
      "type": "Feature",
      "properties": {
        "GRID_ID": 441,
        "GRID_X": 1612000.0,
        "GRID_Y": 543000.0,
        "SPACING_M": 500
      },
      "geometry": {
        "type": "Point",
        "coordinates": [
          -117.52278203191203,
          49.57308942417073
        ]
      }
    },
    {
      "type": "Feature",
      "properties": {
        "GRID_ID": 442,
        "GRID_X": 1612000.0,
        "GRID_Y": 543500.0,
        "SPACING_M": 500
      },
      "geometry": {
        "type": "Point",
        "coordinates": [
          -117.52195655031373,
          49.577555100729796
        ]
      }
    },
    {
      "type": "Feature",
      "properties": {
        "GRID_ID": 443,
        "GRID_X": 1612000.0,
        "GRID_Y": 544000.0,
        "SPACING_M": 500
      },
      "geometry": {
        "type": "Point",
        "coordinates": [
          -117.52113090870435,
          49.582020742273826
        ]
      }
    },
    {
      "type": "Feature",
      "properties": {
        "GRID_ID": 444,
        "GRID_X": 1612000.0,
        "GRID_Y": 544500.0,
        "SPACING_M": 500
      },
      "geometry": {
        "type": "Point",
        "coordinates": [
          -117.5203051070376,
          49.58648634882143
        ]
      }
    },
    {
      "type": "Feature",
      "properties": {
        "GRID_ID": 445,
        "GRID_X": 1612000.0,
        "GRID_Y": 545000.0,
        "SPACING_M": 500
      },
      "geometry": {
        "type": "Point",
        "coordinates": [
          -117.51947914526713,
          49.590951920391134
        ]
      }
    },
    {
      "type": "Feature",
      "properties": {
        "GRID_ID": 446,
        "GRID_X": 1612000.0,
        "GRID_Y": 545500.0,
        "SPACING_M": 500
      },
      "geometry": {
        "type": "Point",
        "coordinates": [
          -117.5186530233466,
          49.59541745700159
        ]
      }
    },
    {
      "type": "Feature",
      "properties": {
        "GRID_ID": 447,
        "GRID_X": 1612000.0,
        "GRID_Y": 546000.0,
        "SPACING_M": 500
      },
      "geometry": {
        "type": "Point",
        "coordinates": [
          -117.51782674122968,
          49.5998829586713
        ]
      }
    },
    {
      "type": "Feature",
      "properties": {
        "GRID_ID": 448,
        "GRID_X": 1612000.0,
        "GRID_Y": 546500.0,
        "SPACING_M": 500
      },
      "geometry": {
        "type": "Point",
        "coordinates": [
          -117.51700029886997,
          49.60434842541896
        ]
      }
    },
    {
      "type": "Feature",
      "properties": {
        "GRID_ID": 449,
        "GRID_X": 1612000.0,
        "GRID_Y": 547000.0,
        "SPACING_M": 500
      },
      "geometry": {
        "type": "Point",
        "coordinates": [
          -117.5161736962211,
          49.608813857263115
        ]
      }
    },
    {
      "type": "Feature",
      "properties": {
        "GRID_ID": 450,
        "GRID_X": 1612000.0,
        "GRID_Y": 547500.0,
        "SPACING_M": 500
      },
      "geometry": {
        "type": "Point",
        "coordinates": [
          -117.51534693323664,
          49.61327925422239
        ]
      }
    },
    {
      "type": "Feature",
      "properties": {
        "GRID_ID": 451,
        "GRID_X": 1612500.0,
        "GRID_Y": 528000.0,
        "SPACING_M": 500
      },
      "geometry": {
        "type": "Point",
        "coordinates": [
          -117.54063216900357,
          49.43856665904793
        ]
      }
    },
    {
      "type": "Feature",
      "properties": {
        "GRID_ID": 452,
        "GRID_X": 1612500.0,
        "GRID_Y": 528500.0,
        "SPACING_M": 500
      },
      "geometry": {
        "type": "Point",
        "coordinates": [
          -117.53981081483717,
          49.44303334640273
        ]
      }
    },
    {
      "type": "Feature",
      "properties": {
        "GRID_ID": 453,
        "GRID_X": 1612500.0,
        "GRID_Y": 529000.0,
        "SPACING_M": 500
      },
      "geometry": {
        "type": "Point",
        "coordinates": [
          -117.53898930191836,
          49.447499998174905
        ]
      }
    },
    {
      "type": "Feature",
      "properties": {
        "GRID_ID": 454,
        "GRID_X": 1612500.0,
        "GRID_Y": 529500.0,
        "SPACING_M": 500
      },
      "geometry": {
        "type": "Point",
        "coordinates": [
          -117.53816763020136,
          49.451966614382926
        ]
      }
    },
    {
      "type": "Feature",
      "properties": {
        "GRID_ID": 455,
        "GRID_X": 1612500.0,
        "GRID_Y": 530000.0,
        "SPACING_M": 500
      },
      "geometry": {
        "type": "Point",
        "coordinates": [
          -117.53734579964028,
          49.45643319504527
        ]
      }
    },
    {
      "type": "Feature",
      "properties": {
        "GRID_ID": 456,
        "GRID_X": 1612500.0,
        "GRID_Y": 530500.0,
        "SPACING_M": 500
      },
      "geometry": {
        "type": "Point",
        "coordinates": [
          -117.53652381018934,
          49.46089974018043
        ]
      }
    },
    {
      "type": "Feature",
      "properties": {
        "GRID_ID": 457,
        "GRID_X": 1612500.0,
        "GRID_Y": 531000.0,
        "SPACING_M": 500
      },
      "geometry": {
        "type": "Point",
        "coordinates": [
          -117.53570166180266,
          49.46536624980687
        ]
      }
    },
    {
      "type": "Feature",
      "properties": {
        "GRID_ID": 458,
        "GRID_X": 1612500.0,
        "GRID_Y": 531500.0,
        "SPACING_M": 500
      },
      "geometry": {
        "type": "Point",
        "coordinates": [
          -117.53487935443434,
          49.46983272394312
        ]
      }
    },
    {
      "type": "Feature",
      "properties": {
        "GRID_ID": 459,
        "GRID_X": 1612500.0,
        "GRID_Y": 532000.0,
        "SPACING_M": 500
      },
      "geometry": {
        "type": "Point",
        "coordinates": [
          -117.53405688803852,
          49.474299162607636
        ]
      }
    },
    {
      "type": "Feature",
      "properties": {
        "GRID_ID": 460,
        "GRID_X": 1612500.0,
        "GRID_Y": 532500.0,
        "SPACING_M": 500
      },
      "geometry": {
        "type": "Point",
        "coordinates": [
          -117.53323426256925,
          49.47876556581903
        ]
      }
    },
    {
      "type": "Feature",
      "properties": {
        "GRID_ID": 461,
        "GRID_X": 1612500.0,
        "GRID_Y": 533000.0,
        "SPACING_M": 500
      },
      "geometry": {
        "type": "Point",
        "coordinates": [
          -117.53241147798062,
          49.48323193359569
        ]
      }
    },
    {
      "type": "Feature",
      "properties": {
        "GRID_ID": 462,
        "GRID_X": 1612500.0,
        "GRID_Y": 533500.0,
        "SPACING_M": 500
      },
      "geometry": {
        "type": "Point",
        "coordinates": [
          -117.53158853422666,
          49.4876982659561
        ]
      }
    },
    {
      "type": "Feature",
      "properties": {
        "GRID_ID": 463,
        "GRID_X": 1612500.0,
        "GRID_Y": 534000.0,
        "SPACING_M": 500
      },
      "geometry": {
        "type": "Point",
        "coordinates": [
          -117.53076543126143,
          49.4921645629189
        ]
      }
    },
    {
      "type": "Feature",
      "properties": {
        "GRID_ID": 464,
        "GRID_X": 1612500.0,
        "GRID_Y": 534500.0,
        "SPACING_M": 500
      },
      "geometry": {
        "type": "Point",
        "coordinates": [
          -117.52994216903892,
          49.49663082450252
        ]
      }
    },
    {
      "type": "Feature",
      "properties": {
        "GRID_ID": 465,
        "GRID_X": 1612500.0,
        "GRID_Y": 535000.0,
        "SPACING_M": 500
      },
      "geometry": {
        "type": "Point",
        "coordinates": [
          -117.52911874751317,
          49.50109705072539
        ]
      }
    },
    {
      "type": "Feature",
      "properties": {
        "GRID_ID": 466,
        "GRID_X": 1612500.0,
        "GRID_Y": 535500.0,
        "SPACING_M": 500
      },
      "geometry": {
        "type": "Point",
        "coordinates": [
          -117.52829516663809,
          49.50556324160627
        ]
      }
    },
    {
      "type": "Feature",
      "properties": {
        "GRID_ID": 467,
        "GRID_X": 1612500.0,
        "GRID_Y": 536000.0,
        "SPACING_M": 500
      },
      "geometry": {
        "type": "Point",
        "coordinates": [
          -117.5274714263677,
          49.51002939716343
        ]
      }
    },
    {
      "type": "Feature",
      "properties": {
        "GRID_ID": 468,
        "GRID_X": 1612500.0,
        "GRID_Y": 536500.0,
        "SPACING_M": 500
      },
      "geometry": {
        "type": "Point",
        "coordinates": [
          -117.52664752665594,
          49.514495517415604
        ]
      }
    },
    {
      "type": "Feature",
      "properties": {
        "GRID_ID": 469,
        "GRID_X": 1612500.0,
        "GRID_Y": 537000.0,
        "SPACING_M": 500
      },
      "geometry": {
        "type": "Point",
        "coordinates": [
          -117.52582346745669,
          49.51896160238114
        ]
      }
    },
    {
      "type": "Feature",
      "properties": {
        "GRID_ID": 470,
        "GRID_X": 1612500.0,
        "GRID_Y": 537500.0,
        "SPACING_M": 500
      },
      "geometry": {
        "type": "Point",
        "coordinates": [
          -117.52499924872392,
          49.52342765207863
        ]
      }
    },
    {
      "type": "Feature",
      "properties": {
        "GRID_ID": 471,
        "GRID_X": 1612500.0,
        "GRID_Y": 538000.0,
        "SPACING_M": 500
      },
      "geometry": {
        "type": "Point",
        "coordinates": [
          -117.5241748704115,
          49.5278936665267
        ]
      }
    },
    {
      "type": "Feature",
      "properties": {
        "GRID_ID": 472,
        "GRID_X": 1612500.0,
        "GRID_Y": 538500.0,
        "SPACING_M": 500
      },
      "geometry": {
        "type": "Point",
        "coordinates": [
          -117.52335033247326,
          49.53235964574379
        ]
      }
    },
    {
      "type": "Feature",
      "properties": {
        "GRID_ID": 473,
        "GRID_X": 1612500.0,
        "GRID_Y": 539000.0,
        "SPACING_M": 500
      },
      "geometry": {
        "type": "Point",
        "coordinates": [
          -117.52252563486314,
          49.536825589748474
        ]
      }
    },
    {
      "type": "Feature",
      "properties": {
        "GRID_ID": 474,
        "GRID_X": 1612500.0,
        "GRID_Y": 539500.0,
        "SPACING_M": 500
      },
      "geometry": {
        "type": "Point",
        "coordinates": [
          -117.5217007775349,
          49.54129149855928
        ]
      }
    },
    {
      "type": "Feature",
      "properties": {
        "GRID_ID": 475,
        "GRID_X": 1612500.0,
        "GRID_Y": 540000.0,
        "SPACING_M": 500
      },
      "geometry": {
        "type": "Point",
        "coordinates": [
          -117.52087576044242,
          49.54575737219476
        ]
      }
    },
    {
      "type": "Feature",
      "properties": {
        "GRID_ID": 476,
        "GRID_X": 1612500.0,
        "GRID_Y": 540500.0,
        "SPACING_M": 500
      },
      "geometry": {
        "type": "Point",
        "coordinates": [
          -117.52005058353949,
          49.55022321067343
        ]
      }
    },
    {
      "type": "Feature",
      "properties": {
        "GRID_ID": 477,
        "GRID_X": 1612500.0,
        "GRID_Y": 541000.0,
        "SPACING_M": 500
      },
      "geometry": {
        "type": "Point",
        "coordinates": [
          -117.51922524677985,
          49.554689014013945
        ]
      }
    },
    {
      "type": "Feature",
      "properties": {
        "GRID_ID": 478,
        "GRID_X": 1612500.0,
        "GRID_Y": 541500.0,
        "SPACING_M": 500
      },
      "geometry": {
        "type": "Point",
        "coordinates": [
          -117.51839975011731,
          49.559154782234806
        ]
      }
    },
    {
      "type": "Feature",
      "properties": {
        "GRID_ID": 479,
        "GRID_X": 1612500.0,
        "GRID_Y": 542000.0,
        "SPACING_M": 500
      },
      "geometry": {
        "type": "Point",
        "coordinates": [
          -117.51757409350563,
          49.563620515354586
        ]
      }
    },
    {
      "type": "Feature",
      "properties": {
        "GRID_ID": 480,
        "GRID_X": 1612500.0,
        "GRID_Y": 542500.0,
        "SPACING_M": 500
      },
      "geometry": {
        "type": "Point",
        "coordinates": [
          -117.51674827689848,
          49.56808621339175
        ]
      }
    },
    {
      "type": "Feature",
      "properties": {
        "GRID_ID": 481,
        "GRID_X": 1612500.0,
        "GRID_Y": 543000.0,
        "SPACING_M": 500
      },
      "geometry": {
        "type": "Point",
        "coordinates": [
          -117.51592230024966,
          49.572551876364976
        ]
      }
    },
    {
      "type": "Feature",
      "properties": {
        "GRID_ID": 482,
        "GRID_X": 1612500.0,
        "GRID_Y": 543500.0,
        "SPACING_M": 500
      },
      "geometry": {
        "type": "Point",
        "coordinates": [
          -117.51509616351282,
          49.5770175042928
        ]
      }
    },
    {
      "type": "Feature",
      "properties": {
        "GRID_ID": 483,
        "GRID_X": 1612500.0,
        "GRID_Y": 544000.0,
        "SPACING_M": 500
      },
      "geometry": {
        "type": "Point",
        "coordinates": [
          -117.51426986664164,
          49.58148309719376
        ]
      }
    },
    {
      "type": "Feature",
      "properties": {
        "GRID_ID": 484,
        "GRID_X": 1612500.0,
        "GRID_Y": 544500.0,
        "SPACING_M": 500
      },
      "geometry": {
        "type": "Point",
        "coordinates": [
          -117.5134434095898,
          49.585948655086526
        ]
      }
    },
    {
      "type": "Feature",
      "properties": {
        "GRID_ID": 485,
        "GRID_X": 1612500.0,
        "GRID_Y": 545000.0,
        "SPACING_M": 500
      },
      "geometry": {
        "type": "Point",
        "coordinates": [
          -117.51261679231091,
          49.59041417798959
        ]
      }
    },
    {
      "type": "Feature",
      "properties": {
        "GRID_ID": 486,
        "GRID_X": 1612500.0,
        "GRID_Y": 545500.0,
        "SPACING_M": 500
      },
      "geometry": {
        "type": "Point",
        "coordinates": [
          -117.51179001475862,
          49.594879665921574
        ]
      }
    },
    {
      "type": "Feature",
      "properties": {
        "GRID_ID": 487,
        "GRID_X": 1612500.0,
        "GRID_Y": 546000.0,
        "SPACING_M": 500
      },
      "geometry": {
        "type": "Point",
        "coordinates": [
          -117.51096307688651,
          49.599345118901105
        ]
      }
    },
    {
      "type": "Feature",
      "properties": {
        "GRID_ID": 488,
        "GRID_X": 1612500.0,
        "GRID_Y": 546500.0,
        "SPACING_M": 500
      },
      "geometry": {
        "type": "Point",
        "coordinates": [
          -117.51013597864822,
          49.60381053694664
        ]
      }
    },
    {
      "type": "Feature",
      "properties": {
        "GRID_ID": 489,
        "GRID_X": 1612500.0,
        "GRID_Y": 547000.0,
        "SPACING_M": 500
      },
      "geometry": {
        "type": "Point",
        "coordinates": [
          -117.50930871999728,
          49.60827592007689
        ]
      }
    },
    {
      "type": "Feature",
      "properties": {
        "GRID_ID": 490,
        "GRID_X": 1612500.0,
        "GRID_Y": 547500.0,
        "SPACING_M": 500
      },
      "geometry": {
        "type": "Point",
        "coordinates": [
          -117.50848130088725,
          49.61274126831038
        ]
      }
    },
    {
      "type": "Feature",
      "properties": {
        "GRID_ID": 491,
        "GRID_X": 1613000.0,
        "GRID_Y": 527500.0,
        "SPACING_M": 500
      },
      "geometry": {
        "type": "Point",
        "coordinates": [
          -117.53461403980847,
          49.43356345805432
        ]
      }
    },
    {
      "type": "Feature",
      "properties": {
        "GRID_ID": 492,
        "GRID_X": 1613000.0,
        "GRID_Y": 528000.0,
        "SPACING_M": 500
      },
      "geometry": {
        "type": "Point",
        "coordinates": [
          -117.53379219305992,
          49.43803013270549
        ]
      }
    },
    {
      "type": "Feature",
      "properties": {
        "GRID_ID": 493,
        "GRID_X": 1613000.0,
        "GRID_Y": 528500.0,
        "SPACING_M": 500
      },
      "geometry": {
        "type": "Point",
        "coordinates": [
          -117.53297018748256,
          49.44249677174383
        ]
      }
    },
    {
      "type": "Feature",
      "properties": {
        "GRID_ID": 494,
        "GRID_X": 1613000.0,
        "GRID_Y": 529000.0,
        "SPACING_M": 500
      },
      "geometry": {
        "type": "Point",
        "coordinates": [
          -117.53214802303059,
          49.446963375187785
        ]
      }
    },
    {
      "type": "Feature",
      "properties": {
        "GRID_ID": 495,
        "GRID_X": 1613000.0,
        "GRID_Y": 529500.0,
        "SPACING_M": 500
      },
      "geometry": {
        "type": "Point",
        "coordinates": [
          -117.53132569965813,
          49.45142994305591
        ]
      }
    },
    {
      "type": "Feature",
      "properties": {
        "GRID_ID": 496,
        "GRID_X": 1613000.0,
        "GRID_Y": 530000.0,
        "SPACING_M": 500
      },
      "geometry": {
        "type": "Point",
        "coordinates": [
          -117.53050321731936,
          49.45589647536669
        ]
      }
    },
    {
      "type": "Feature",
      "properties": {
        "GRID_ID": 497,
        "GRID_X": 1613000.0,
        "GRID_Y": 530500.0,
        "SPACING_M": 500
      },
      "geometry": {
        "type": "Point",
        "coordinates": [
          -117.5296805759684,
          49.46036297213858
        ]
      }
    },
    {
      "type": "Feature",
      "properties": {
        "GRID_ID": 498,
        "GRID_X": 1613000.0,
        "GRID_Y": 531000.0,
        "SPACING_M": 500
      },
      "geometry": {
        "type": "Point",
        "coordinates": [
          -117.52885777555933,
          49.464829433389966
        ]
      }
    },
    {
      "type": "Feature",
      "properties": {
        "GRID_ID": 499,
        "GRID_X": 1613000.0,
        "GRID_Y": 531500.0,
        "SPACING_M": 500
      },
      "geometry": {
        "type": "Point",
        "coordinates": [
          -117.52803481604624,
          49.469295859139514
        ]
      }
    },
    {
      "type": "Feature",
      "properties": {
        "GRID_ID": 500,
        "GRID_X": 1613000.0,
        "GRID_Y": 532000.0,
        "SPACING_M": 500
      },
      "geometry": {
        "type": "Point",
        "coordinates": [
          -117.52721169738324,
          49.473762249405624
        ]
      }
    },
    {
      "type": "Feature",
      "properties": {
        "GRID_ID": 501,
        "GRID_X": 1613000.0,
        "GRID_Y": 532500.0,
        "SPACING_M": 500
      },
      "geometry": {
        "type": "Point",
        "coordinates": [
          -117.52638841952434,
          49.478228604206905
        ]
      }
    },
    {
      "type": "Feature",
      "properties": {
        "GRID_ID": 502,
        "GRID_X": 1613000.0,
        "GRID_Y": 533000.0,
        "SPACING_M": 500
      },
      "geometry": {
        "type": "Point",
        "coordinates": [
          -117.52556498242357,
          49.482694923561695
        ]
      }
    },
    {
      "type": "Feature",
      "properties": {
        "GRID_ID": 503,
        "GRID_X": 1613000.0,
        "GRID_Y": 533500.0,
        "SPACING_M": 500
      },
      "geometry": {
        "type": "Point",
        "coordinates": [
          -117.52474138603498,
          49.487161207488555
        ]
      }
    },
    {
      "type": "Feature",
      "properties": {
        "GRID_ID": 504,
        "GRID_X": 1613000.0,
        "GRID_Y": 534000.0,
        "SPACING_M": 500
      },
      "geometry": {
        "type": "Point",
        "coordinates": [
          -117.52391763031254,
          49.49162745600599
        ]
      }
    },
    {
      "type": "Feature",
      "properties": {
        "GRID_ID": 505,
        "GRID_X": 1613000.0,
        "GRID_Y": 534500.0,
        "SPACING_M": 500
      },
      "geometry": {
        "type": "Point",
        "coordinates": [
          -117.52309371521025,
          49.496093669132506
        ]
      }
    },
    {
      "type": "Feature",
      "properties": {
        "GRID_ID": 506,
        "GRID_X": 1613000.0,
        "GRID_Y": 535000.0,
        "SPACING_M": 500
      },
      "geometry": {
        "type": "Point",
        "coordinates": [
          -117.52226964068204,
          49.500559846886674
        ]
      }
    },
    {
      "type": "Feature",
      "properties": {
        "GRID_ID": 507,
        "GRID_X": 1613000.0,
        "GRID_Y": 535500.0,
        "SPACING_M": 500
      },
      "geometry": {
        "type": "Point",
        "coordinates": [
          -117.5214454066819,
          49.50502598928695
        ]
      }
    },
    {
      "type": "Feature",
      "properties": {
        "GRID_ID": 508,
        "GRID_X": 1613000.0,
        "GRID_Y": 536000.0,
        "SPACING_M": 500
      },
      "geometry": {
        "type": "Point",
        "coordinates": [
          -117.52062101316376,
          49.50949209635184
        ]
      }
    },
    {
      "type": "Feature",
      "properties": {
        "GRID_ID": 509,
        "GRID_X": 1613000.0,
        "GRID_Y": 536500.0,
        "SPACING_M": 500
      },
      "geometry": {
        "type": "Point",
        "coordinates": [
          -117.51979646008148,
          49.51395816809989
        ]
      }
    },
    {
      "type": "Feature",
      "properties": {
        "GRID_ID": 510,
        "GRID_X": 1613000.0,
        "GRID_Y": 537000.0,
        "SPACING_M": 500
      },
      "geometry": {
        "type": "Point",
        "coordinates": [
          -117.518971747389,
          49.51842420454968
        ]
      }
    },
    {
      "type": "Feature",
      "properties": {
        "GRID_ID": 511,
        "GRID_X": 1613000.0,
        "GRID_Y": 537500.0,
        "SPACING_M": 500
      },
      "geometry": {
        "type": "Point",
        "coordinates": [
          -117.51814687504017,
          49.5228902057197
        ]
      }
    },
    {
      "type": "Feature",
      "properties": {
        "GRID_ID": 512,
        "GRID_X": 1613000.0,
        "GRID_Y": 538000.0,
        "SPACING_M": 500
      },
      "geometry": {
        "type": "Point",
        "coordinates": [
          -117.51732184298888,
          49.52735617162839
        ]
      }
    },
    {
      "type": "Feature",
      "properties": {
        "GRID_ID": 513,
        "GRID_X": 1613000.0,
        "GRID_Y": 538500.0,
        "SPACING_M": 500
      },
      "geometry": {
        "type": "Point",
        "coordinates": [
          -117.51649665118893,
          49.53182210229438
        ]
      }
    },
    {
      "type": "Feature",
      "properties": {
        "GRID_ID": 514,
        "GRID_X": 1613000.0,
        "GRID_Y": 539000.0,
        "SPACING_M": 500
      },
      "geometry": {
        "type": "Point",
        "coordinates": [
          -117.51567129959416,
          49.53628799773619
        ]
      }
    },
    {
      "type": "Feature",
      "properties": {
        "GRID_ID": 515,
        "GRID_X": 1613000.0,
        "GRID_Y": 539500.0,
        "SPACING_M": 500
      },
      "geometry": {
        "type": "Point",
        "coordinates": [
          -117.51484578815838,
          49.54075385797236
        ]
      }
    },
    {
      "type": "Feature",
      "properties": {
        "GRID_ID": 516,
        "GRID_X": 1613000.0,
        "GRID_Y": 540000.0,
        "SPACING_M": 500
      },
      "geometry": {
        "type": "Point",
        "coordinates": [
          -117.51402011683537,
          49.54521968302146
        ]
      }
    },
    {
      "type": "Feature",
      "properties": {
        "GRID_ID": 517,
        "GRID_X": 1613000.0,
        "GRID_Y": 540500.0,
        "SPACING_M": 500
      },
      "geometry": {
        "type": "Point",
        "coordinates": [
          -117.5131942855789,
          49.54968547290201
        ]
      }
    },
    {
      "type": "Feature",
      "properties": {
        "GRID_ID": 518,
        "GRID_X": 1613000.0,
        "GRID_Y": 541000.0,
        "SPACING_M": 500
      },
      "geometry": {
        "type": "Point",
        "coordinates": [
          -117.51236829434272,
          49.55415122763252
        ]
      }
    },
    {
      "type": "Feature",
      "properties": {
        "GRID_ID": 519,
        "GRID_X": 1613000.0,
        "GRID_Y": 541500.0,
        "SPACING_M": 500
      },
      "geometry": {
        "type": "Point",
        "coordinates": [
          -117.51154214308058,
          49.5586169472316
        ]
      }
    },
    {
      "type": "Feature",
      "properties": {
        "GRID_ID": 520,
        "GRID_X": 1613000.0,
        "GRID_Y": 542000.0,
        "SPACING_M": 500
      },
      "geometry": {
        "type": "Point",
        "coordinates": [
          -117.51071583174614,
          49.563082631717805
        ]
      }
    },
    {
      "type": "Feature",
      "properties": {
        "GRID_ID": 521,
        "GRID_X": 1613000.0,
        "GRID_Y": 542500.0,
        "SPACING_M": 500
      },
      "geometry": {
        "type": "Point",
        "coordinates": [
          -117.50988936029317,
          49.56754828110966
        ]
      }
    },
    {
      "type": "Feature",
      "properties": {
        "GRID_ID": 522,
        "GRID_X": 1613000.0,
        "GRID_Y": 543000.0,
        "SPACING_M": 500
      },
      "geometry": {
        "type": "Point",
        "coordinates": [
          -117.5090627286753,
          49.572013895425705
        ]
      }
    },
    {
      "type": "Feature",
      "properties": {
        "GRID_ID": 523,
        "GRID_X": 1613000.0,
        "GRID_Y": 543500.0,
        "SPACING_M": 500
      },
      "geometry": {
        "type": "Point",
        "coordinates": [
          -117.50823593684623,
          49.57647947468462
        ]
      }
    },
    {
      "type": "Feature",
      "properties": {
        "GRID_ID": 524,
        "GRID_X": 1613000.0,
        "GRID_Y": 544000.0,
        "SPACING_M": 500
      },
      "geometry": {
        "type": "Point",
        "coordinates": [
          -117.50740898475959,
          49.580945018904856
        ]
      }
    },
    {
      "type": "Feature",
      "properties": {
        "GRID_ID": 525,
        "GRID_X": 1613000.0,
        "GRID_Y": 544500.0,
        "SPACING_M": 500
      },
      "geometry": {
        "type": "Point",
        "coordinates": [
          -117.50658187236901,
          49.58541052810503
        ]
      }
    },
    {
      "type": "Feature",
      "properties": {
        "GRID_ID": 526,
        "GRID_X": 1613000.0,
        "GRID_Y": 545000.0,
        "SPACING_M": 500
      },
      "geometry": {
        "type": "Point",
        "coordinates": [
          -117.50575459962806,
          49.58987600230373
        ]
      }
    },
    {
      "type": "Feature",
      "properties": {
        "GRID_ID": 527,
        "GRID_X": 1613000.0,
        "GRID_Y": 545500.0,
        "SPACING_M": 500
      },
      "geometry": {
        "type": "Point",
        "coordinates": [
          -117.50492716649039,
          49.59434144151951
        ]
      }
    },
    {
      "type": "Feature",
      "properties": {
        "GRID_ID": 528,
        "GRID_X": 1613000.0,
        "GRID_Y": 546000.0,
        "SPACING_M": 500
      },
      "geometry": {
        "type": "Point",
        "coordinates": [
          -117.50409957290954,
          49.59880684577092
        ]
      }
    },
    {
      "type": "Feature",
      "properties": {
        "GRID_ID": 529,
        "GRID_X": 1613000.0,
        "GRID_Y": 546500.0,
        "SPACING_M": 500
      },
      "geometry": {
        "type": "Point",
        "coordinates": [
          -117.5032718188391,
          49.60327221507664
        ]
      }
    },
    {
      "type": "Feature",
      "properties": {
        "GRID_ID": 530,
        "GRID_X": 1613000.0,
        "GRID_Y": 547000.0,
        "SPACING_M": 500
      },
      "geometry": {
        "type": "Point",
        "coordinates": [
          -117.50244390423255,
          49.60773754945519
        ]
      }
    },
    {
      "type": "Feature",
      "properties": {
        "GRID_ID": 531,
        "GRID_X": 1613500.0,
        "GRID_Y": 527000.0,
        "SPACING_M": 500
      },
      "geometry": {
        "type": "Point",
        "coordinates": [
          -117.52859721302299,
          49.42855988611019
        ]
      }
    },
    {
      "type": "Feature",
      "properties": {
        "GRID_ID": 532,
        "GRID_X": 1613500.0,
        "GRID_Y": 527500.0,
        "SPACING_M": 500
      },
      "geometry": {
        "type": "Point",
        "coordinates": [
          -117.52777487393658,
          49.43302654806206
        ]
      }
    },
    {
      "type": "Feature",
      "properties": {
        "GRID_ID": 533,
        "GRID_X": 1613500.0,
        "GRID_Y": 528000.0,
        "SPACING_M": 500
      },
      "geometry": {
        "type": "Point",
        "coordinates": [
          -117.52695237594504,
          49.437493174371
        ]
      }
    },
    {
      "type": "Feature",
      "properties": {
        "GRID_ID": 534,
        "GRID_X": 1613500.0,
        "GRID_Y": 528500.0,
        "SPACING_M": 500
      },
      "geometry": {
        "type": "Point",
        "coordinates": [
          -117.52612971900255,
          49.441959765055344
        ]
      }
    },
    {
      "type": "Feature",
      "properties": {
        "GRID_ID": 535,
        "GRID_X": 1613500.0,
        "GRID_Y": 529000.0,
        "SPACING_M": 500
      },
      "geometry": {
        "type": "Point",
        "coordinates": [
          -117.52530690306324,
          49.44642632013368
        ]
      }
    },
    {
      "type": "Feature",
      "properties": {
        "GRID_ID": 536,
        "GRID_X": 1613500.0,
        "GRID_Y": 529500.0,
        "SPACING_M": 500
      },
      "geometry": {
        "type": "Point",
        "coordinates": [
          -117.52448392808124,
          49.4508928396245
        ]
      }
    },
    {
      "type": "Feature",
      "properties": {
        "GRID_ID": 537,
        "GRID_X": 1613500.0,
        "GRID_Y": 530000.0,
        "SPACING_M": 500
      },
      "geometry": {
        "type": "Point",
        "coordinates": [
          -117.52366079401062,
          49.45535932354617
        ]
      }
    },
    {
      "type": "Feature",
      "properties": {
        "GRID_ID": 538,
        "GRID_X": 1613500.0,
        "GRID_Y": 530500.0,
        "SPACING_M": 500
      },
      "geometry": {
        "type": "Point",
        "coordinates": [
          -117.52283750080552,
          49.459825771917245
        ]
      }
    },
    {
      "type": "Feature",
      "properties": {
        "GRID_ID": 539,
        "GRID_X": 1613500.0,
        "GRID_Y": 531000.0,
        "SPACING_M": 500
      },
      "geometry": {
        "type": "Point",
        "coordinates": [
          -117.52201404841999,
          49.46429218475621
        ]
      }
    },
    {
      "type": "Feature",
      "properties": {
        "GRID_ID": 540,
        "GRID_X": 1613500.0,
        "GRID_Y": 531500.0,
        "SPACING_M": 500
      },
      "geometry": {
        "type": "Point",
        "coordinates": [
          -117.52119043680808,
          49.468758562081604
        ]
      }
    },
    {
      "type": "Feature",
      "properties": {
        "GRID_ID": 541,
        "GRID_X": 1613500.0,
        "GRID_Y": 532000.0,
        "SPACING_M": 500
      },
      "geometry": {
        "type": "Point",
        "coordinates": [
          -117.52036666592385,
          49.47322490391181
        ]
      }
    },
    {
      "type": "Feature",
      "properties": {
        "GRID_ID": 542,
        "GRID_X": 1613500.0,
        "GRID_Y": 532500.0,
        "SPACING_M": 500
      },
      "geometry": {
        "type": "Point",
        "coordinates": [
          -117.51954273572126,
          49.4776912102653
        ]
      }
    },
    {
      "type": "Feature",
      "properties": {
        "GRID_ID": 543,
        "GRID_X": 1613500.0,
        "GRID_Y": 533000.0,
        "SPACING_M": 500
      },
      "geometry": {
        "type": "Point",
        "coordinates": [
          -117.51871864615435,
          49.4821574811607
        ]
      }
    },
    {
      "type": "Feature",
      "properties": {
        "GRID_ID": 544,
        "GRID_X": 1613500.0,
        "GRID_Y": 533500.0,
        "SPACING_M": 500
      },
      "geometry": {
        "type": "Point",
        "coordinates": [
          -117.51789439717712,
          49.48662371661644
        ]
      }
    },
    {
      "type": "Feature",
      "properties": {
        "GRID_ID": 545,
        "GRID_X": 1613500.0,
        "GRID_Y": 534000.0,
        "SPACING_M": 500
      },
      "geometry": {
        "type": "Point",
        "coordinates": [
          -117.51706998874349,
          49.49108991665102
        ]
      }
    },
    {
      "type": "Feature",
      "properties": {
        "GRID_ID": 546,
        "GRID_X": 1613500.0,
        "GRID_Y": 534500.0,
        "SPACING_M": 500
      },
      "geometry": {
        "type": "Point",
        "coordinates": [
          -117.51624542080744,
          49.49555608128296
        ]
      }
    },
    {
      "type": "Feature",
      "properties": {
        "GRID_ID": 547,
        "GRID_X": 1613500.0,
        "GRID_Y": 535000.0,
        "SPACING_M": 500
      },
      "geometry": {
        "type": "Point",
        "coordinates": [
          -117.51542069332288,
          49.50002221053073
        ]
      }
    },
    {
      "type": "Feature",
      "properties": {
        "GRID_ID": 548,
        "GRID_X": 1613500.0,
        "GRID_Y": 535500.0,
        "SPACING_M": 500
      },
      "geometry": {
        "type": "Point",
        "coordinates": [
          -117.51459580624373,
          49.50448830441288
        ]
      }
    },
    {
      "type": "Feature",
      "properties": {
        "GRID_ID": 549,
        "GRID_X": 1613500.0,
        "GRID_Y": 536000.0,
        "SPACING_M": 500
      },
      "geometry": {
        "type": "Point",
        "coordinates": [
          -117.51377075952391,
          49.50895436294793
        ]
      }
    },
    {
      "type": "Feature",
      "properties": {
        "GRID_ID": 550,
        "GRID_X": 1613500.0,
        "GRID_Y": 536500.0,
        "SPACING_M": 500
      },
      "geometry": {
        "type": "Point",
        "coordinates": [
          -117.51294555311728,
          49.51342038615438
        ]
      }
    },
    {
      "type": "Feature",
      "properties": {
        "GRID_ID": 551,
        "GRID_X": 1613500.0,
        "GRID_Y": 537000.0,
        "SPACING_M": 500
      },
      "geometry": {
        "type": "Point",
        "coordinates": [
          -117.51212018697767,
          49.51788637405078
        ]
      }
    },
    {
      "type": "Feature",
      "properties": {
        "GRID_ID": 552,
        "GRID_X": 1613500.0,
        "GRID_Y": 537500.0,
        "SPACING_M": 500
      },
      "geometry": {
        "type": "Point",
        "coordinates": [
          -117.51129466105893,
          49.52235232665552
        ]
      }
    },
    {
      "type": "Feature",
      "properties": {
        "GRID_ID": 553,
        "GRID_X": 1613500.0,
        "GRID_Y": 538000.0,
        "SPACING_M": 500
      },
      "geometry": {
        "type": "Point",
        "coordinates": [
          -117.51046897531492,
          49.52681824398734
        ]
      }
    },
    {
      "type": "Feature",
      "properties": {
        "GRID_ID": 554,
        "GRID_X": 1613500.0,
        "GRID_Y": 538500.0,
        "SPACING_M": 500
      },
      "geometry": {
        "type": "Point",
        "coordinates": [
          -117.50964312969941,
          49.531284126064655
        ]
      }
    },
    {
      "type": "Feature",
      "properties": {
        "GRID_ID": 555,
        "GRID_X": 1613500.0,
        "GRID_Y": 539000.0,
        "SPACING_M": 500
      },
      "geometry": {
        "type": "Point",
        "coordinates": [
          -117.5088171241662,
          49.53574997290598
        ]
      }
    },
    {
      "type": "Feature",
      "properties": {
        "GRID_ID": 556,
        "GRID_X": 1613500.0,
        "GRID_Y": 539500.0,
        "SPACING_M": 500
      },
      "geometry": {
        "type": "Point",
        "coordinates": [
          -117.50799095866907,
          49.54021578452991
        ]
      }
    },
    {
      "type": "Feature",
      "properties": {
        "GRID_ID": 557,
        "GRID_X": 1613500.0,
        "GRID_Y": 540000.0,
        "SPACING_M": 500
      },
      "geometry": {
        "type": "Point",
        "coordinates": [
          -117.50716463316178,
          49.54468156095495
        ]
      }
    },
    {
      "type": "Feature",
      "properties": {
        "GRID_ID": 558,
        "GRID_X": 1613500.0,
        "GRID_Y": 540500.0,
        "SPACING_M": 500
      },
      "geometry": {
        "type": "Point",
        "coordinates": [
          -117.50633814759803,
          49.549147302199636
        ]
      }
    },
    {
      "type": "Feature",
      "properties": {
        "GRID_ID": 559,
        "GRID_X": 1613500.0,
        "GRID_Y": 541000.0,
        "SPACING_M": 500
      },
      "geometry": {
        "type": "Point",
        "coordinates": [
          -117.50551150193155,
          49.553613008282525
        ]
      }
    },
    {
      "type": "Feature",
      "properties": {
        "GRID_ID": 560,
        "GRID_X": 1613500.0,
        "GRID_Y": 541500.0,
        "SPACING_M": 500
      },
      "geometry": {
        "type": "Point",
        "coordinates": [
          -117.50468469611606,
          49.55807867922216
        ]
      }
    },
    {
      "type": "Feature",
      "properties": {
        "GRID_ID": 561,
        "GRID_X": 1613500.0,
        "GRID_Y": 542000.0,
        "SPACING_M": 500
      },
      "geometry": {
        "type": "Point",
        "coordinates": [
          -117.50385773010524,
          49.56254431503713
        ]
      }
    },
    {
      "type": "Feature",
      "properties": {
        "GRID_ID": 562,
        "GRID_X": 1613500.0,
        "GRID_Y": 542500.0,
        "SPACING_M": 500
      },
      "geometry": {
        "type": "Point",
        "coordinates": [
          -117.50303060385272,
          49.56700991574595
        ]
      }
    },
    {
      "type": "Feature",
      "properties": {
        "GRID_ID": 563,
        "GRID_X": 1613500.0,
        "GRID_Y": 543000.0,
        "SPACING_M": 500
      },
      "geometry": {
        "type": "Point",
        "coordinates": [
          -117.50220331731217,
          49.57147548136715
        ]
      }
    },
    {
      "type": "Feature",
      "properties": {
        "GRID_ID": 564,
        "GRID_X": 1613500.0,
        "GRID_Y": 543500.0,
        "SPACING_M": 500
      },
      "geometry": {
        "type": "Point",
        "coordinates": [
          -117.50137587043722,
          49.575941011919355
        ]
      }
    },
    {
      "type": "Feature",
      "properties": {
        "GRID_ID": 565,
        "GRID_X": 1613500.0,
        "GRID_Y": 544000.0,
        "SPACING_M": 500
      },
      "geometry": {
        "type": "Point",
        "coordinates": [
          -117.50054826318149,
          49.58040650742111
        ]
      }
    },
    {
      "type": "Feature",
      "properties": {
        "GRID_ID": 566,
        "GRID_X": 1613500.0,
        "GRID_Y": 544500.0,
        "SPACING_M": 500
      },
      "geometry": {
        "type": "Point",
        "coordinates": [
          -117.49972049549855,
          49.58487196789101
        ]
      }
    },
    {
      "type": "Feature",
      "properties": {
        "GRID_ID": 567,
        "GRID_X": 1613500.0,
        "GRID_Y": 545000.0,
        "SPACING_M": 500
      },
      "geometry": {
        "type": "Point",
        "coordinates": [
          -117.498892567342,
          49.589337393347535
        ]
      }
    },
    {
      "type": "Feature",
      "properties": {
        "GRID_ID": 568,
        "GRID_X": 1613500.0,
        "GRID_Y": 545500.0,
        "SPACING_M": 500
      },
      "geometry": {
        "type": "Point",
        "coordinates": [
          -117.49806447866536,
          49.59380278380935
        ]
      }
    },
    {
      "type": "Feature",
      "properties": {
        "GRID_ID": 569,
        "GRID_X": 1613500.0,
        "GRID_Y": 546000.0,
        "SPACING_M": 500
      },
      "geometry": {
        "type": "Point",
        "coordinates": [
          -117.4972362294222,
          49.598268139295044
        ]
      }
    },
    {
      "type": "Feature",
      "properties": {
        "GRID_ID": 570,
        "GRID_X": 1613500.0,
        "GRID_Y": 546500.0,
        "SPACING_M": 500
      },
      "geometry": {
        "type": "Point",
        "coordinates": [
          -117.49640781956603,
          49.602733459823106
        ]
      }
    },
    {
      "type": "Feature",
      "properties": {
        "GRID_ID": 571,
        "GRID_X": 1613500.0,
        "GRID_Y": 547000.0,
        "SPACING_M": 500
      },
      "geometry": {
        "type": "Point",
        "coordinates": [
          -117.49557924905038,
          49.60719874541217
        ]
      }
    },
    {
      "type": "Feature",
      "properties": {
        "GRID_ID": 572,
        "GRID_X": 1614000.0,
        "GRID_Y": 529000.0,
        "SPACING_M": 500
      },
      "geometry": {
        "type": "Point",
        "coordinates": [
          -117.51846594213859,
          49.4458888330266
        ]
      }
    },
    {
      "type": "Feature",
      "properties": {
        "GRID_ID": 573,
        "GRID_X": 1614000.0,
        "GRID_Y": 529500.0,
        "SPACING_M": 500
      },
      "geometry": {
        "type": "Point",
        "coordinates": [
          -117.51764231559294,
          49.45035530410258
        ]
      }
    },
    {
      "type": "Feature",
      "properties": {
        "GRID_ID": 574,
        "GRID_X": 1614000.0,
        "GRID_Y": 530000.0,
        "SPACING_M": 500
      },
      "geometry": {
        "type": "Point",
        "coordinates": [
          -117.5168185298364,
          49.454821739597726
        ]
      }
    },
    {
      "type": "Feature",
      "properties": {
        "GRID_ID": 575,
        "GRID_X": 1614000.0,
        "GRID_Y": 530500.0,
        "SPACING_M": 500
      },
      "geometry": {
        "type": "Point",
        "coordinates": [
          -117.51599458482309,
          49.45928813953061
        ]
      }
    },
    {
      "type": "Feature",
      "properties": {
        "GRID_ID": 576,
        "GRID_X": 1614000.0,
        "GRID_Y": 531000.0,
        "SPACING_M": 500
      },
      "geometry": {
        "type": "Point",
        "coordinates": [
          -117.51517048050707,
          49.463754503919624
        ]
      }
    },
    {
      "type": "Feature",
      "properties": {
        "GRID_ID": 577,
        "GRID_X": 1614000.0,
        "GRID_Y": 531500.0,
        "SPACING_M": 500
      },
      "geometry": {
        "type": "Point",
        "coordinates": [
          -117.51434621684228,
          49.46822083278324
        ]
      }
    },
    {
      "type": "Feature",
      "properties": {
        "GRID_ID": 578,
        "GRID_X": 1614000.0,
        "GRID_Y": 532000.0,
        "SPACING_M": 500
      },
      "geometry": {
        "type": "Point",
        "coordinates": [
          -117.51352179378276,
          49.472687126139995
        ]
      }
    },
    {
      "type": "Feature",
      "properties": {
        "GRID_ID": 579,
        "GRID_X": 1614000.0,
        "GRID_Y": 532500.0,
        "SPACING_M": 500
      },
      "geometry": {
        "type": "Point",
        "coordinates": [
          -117.51269721128251,
          49.47715338400835
        ]
      }
    },
    {
      "type": "Feature",
      "properties": {
        "GRID_ID": 580,
        "GRID_X": 1614000.0,
        "GRID_Y": 533000.0,
        "SPACING_M": 500
      },
      "geometry": {
        "type": "Point",
        "coordinates": [
          -117.5118724692955,
          49.481619606406845
        ]
      }
    },
    {
      "type": "Feature",
      "properties": {
        "GRID_ID": 581,
        "GRID_X": 1614000.0,
        "GRID_Y": 533500.0,
        "SPACING_M": 500
      },
      "geometry": {
        "type": "Point",
        "coordinates": [
          -117.51104756777563,
          49.48608579335392
        ]
      }
    },
    {
      "type": "Feature",
      "properties": {
        "GRID_ID": 582,
        "GRID_X": 1614000.0,
        "GRID_Y": 534000.0,
        "SPACING_M": 500
      },
      "geometry": {
        "type": "Point",
        "coordinates": [
          -117.51022250667687,
          49.490551944868045
        ]
      }
    },
    {
      "type": "Feature",
      "properties": {
        "GRID_ID": 583,
        "GRID_X": 1614000.0,
        "GRID_Y": 534500.0,
        "SPACING_M": 500
      },
      "geometry": {
        "type": "Point",
        "coordinates": [
          -117.50939728595314,
          49.495018060967816
        ]
      }
    },
    {
      "type": "Feature",
      "properties": {
        "GRID_ID": 584,
        "GRID_X": 1614000.0,
        "GRID_Y": 535000.0,
        "SPACING_M": 500
      },
      "geometry": {
        "type": "Point",
        "coordinates": [
          -117.50857190555831,
          49.499484141671694
        ]
      }
    },
    {
      "type": "Feature",
      "properties": {
        "GRID_ID": 585,
        "GRID_X": 1614000.0,
        "GRID_Y": 535500.0,
        "SPACING_M": 500
      },
      "geometry": {
        "type": "Point",
        "coordinates": [
          -117.50774636544628,
          49.50395018699814
        ]
      }
    },
    {
      "type": "Feature",
      "properties": {
        "GRID_ID": 586,
        "GRID_X": 1614000.0,
        "GRID_Y": 536000.0,
        "SPACING_M": 500
      },
      "geometry": {
        "type": "Point",
        "coordinates": [
          -117.50692066557089,
          49.50841619696577
        ]
      }
    },
    {
      "type": "Feature",
      "properties": {
        "GRID_ID": 587,
        "GRID_X": 1614000.0,
        "GRID_Y": 536500.0,
        "SPACING_M": 500
      },
      "geometry": {
        "type": "Point",
        "coordinates": [
          -117.506094805886,
          49.512882171593006
        ]
      }
    },
    {
      "type": "Feature",
      "properties": {
        "GRID_ID": 588,
        "GRID_X": 1614000.0,
        "GRID_Y": 537000.0,
        "SPACING_M": 500
      },
      "geometry": {
        "type": "Point",
        "coordinates": [
          -117.50526878634541,
          49.51734811089833
        ]
      }
    },
    {
      "type": "Feature",
      "properties": {
        "GRID_ID": 589,
        "GRID_X": 1614000.0,
        "GRID_Y": 537500.0,
        "SPACING_M": 500
      },
      "geometry": {
        "type": "Point",
        "coordinates": [
          -117.50444260690296,
          49.52181401490043
        ]
      }
    },
    {
      "type": "Feature",
      "properties": {
        "GRID_ID": 590,
        "GRID_X": 1614000.0,
        "GRID_Y": 538000.0,
        "SPACING_M": 500
      },
      "geometry": {
        "type": "Point",
        "coordinates": [
          -117.50361626751243,
          49.52627988361768
        ]
      }
    },
    {
      "type": "Feature",
      "properties": {
        "GRID_ID": 591,
        "GRID_X": 1614000.0,
        "GRID_Y": 538500.0,
        "SPACING_M": 500
      },
      "geometry": {
        "type": "Point",
        "coordinates": [
          -117.50278976812757,
          49.53074571706863
        ]
      }
    },
    {
      "type": "Feature",
      "properties": {
        "GRID_ID": 592,
        "GRID_X": 1614000.0,
        "GRID_Y": 539000.0,
        "SPACING_M": 500
      },
      "geometry": {
        "type": "Point",
        "coordinates": [
          -117.50196310870217,
          49.53521151527192
        ]
      }
    },
    {
      "type": "Feature",
      "properties": {
        "GRID_ID": 593,
        "GRID_X": 1614000.0,
        "GRID_Y": 539500.0,
        "SPACING_M": 500
      },
      "geometry": {
        "type": "Point",
        "coordinates": [
          -117.50113628918993,
          49.53967727824588
        ]
      }
    },
    {
      "type": "Feature",
      "properties": {
        "GRID_ID": 594,
        "GRID_X": 1614000.0,
        "GRID_Y": 540000.0,
        "SPACING_M": 500
      },
      "geometry": {
        "type": "Point",
        "coordinates": [
          -117.5003093095446,
          49.54414300600918
        ]
      }
    },
    {
      "type": "Feature",
      "properties": {
        "GRID_ID": 595,
        "GRID_X": 1614000.0,
        "GRID_Y": 540500.0,
        "SPACING_M": 500
      },
      "geometry": {
        "type": "Point",
        "coordinates": [
          -117.49948216971987,
          49.54860869858042
        ]
      }
    },
    {
      "type": "Feature",
      "properties": {
        "GRID_ID": 596,
        "GRID_X": 1614000.0,
        "GRID_Y": 541000.0,
        "SPACING_M": 500
      },
      "geometry": {
        "type": "Point",
        "coordinates": [
          -117.49865486966941,
          49.55307435597802
        ]
      }
    },
    {
      "type": "Feature",
      "properties": {
        "GRID_ID": 597,
        "GRID_X": 1614000.0,
        "GRID_Y": 541500.0,
        "SPACING_M": 500
      },
      "geometry": {
        "type": "Point",
        "coordinates": [
          -117.49782740934691,
          49.557539978220554
        ]
      }
    },
    {
      "type": "Feature",
      "properties": {
        "GRID_ID": 598,
        "GRID_X": 1614000.0,
        "GRID_Y": 542000.0,
        "SPACING_M": 500
      },
      "geometry": {
        "type": "Point",
        "coordinates": [
          -117.49699978870599,
          49.56200556532656
        ]
      }
    },
    {
      "type": "Feature",
      "properties": {
        "GRID_ID": 599,
        "GRID_X": 1614000.0,
        "GRID_Y": 542500.0,
        "SPACING_M": 500
      },
      "geometry": {
        "type": "Point",
        "coordinates": [
          -117.4961720077003,
          49.56647111731467
        ]
      }
    },
    {
      "type": "Feature",
      "properties": {
        "GRID_ID": 600,
        "GRID_X": 1614000.0,
        "GRID_Y": 543000.0,
        "SPACING_M": 500
      },
      "geometry": {
        "type": "Point",
        "coordinates": [
          -117.49534406628342,
          49.57093663420331
        ]
      }
    },
    {
      "type": "Feature",
      "properties": {
        "GRID_ID": 601,
        "GRID_X": 1614000.0,
        "GRID_Y": 543500.0,
        "SPACING_M": 500
      },
      "geometry": {
        "type": "Point",
        "coordinates": [
          -117.49451596440899,
          49.57540211601116
        ]
      }
    },
    {
      "type": "Feature",
      "properties": {
        "GRID_ID": 602,
        "GRID_X": 1614000.0,
        "GRID_Y": 544000.0,
        "SPACING_M": 500
      },
      "geometry": {
        "type": "Point",
        "coordinates": [
          -117.49368770203057,
          49.57986756275671
        ]
      }
    },
    {
      "type": "Feature",
      "properties": {
        "GRID_ID": 603,
        "GRID_X": 1614000.0,
        "GRID_Y": 544500.0,
        "SPACING_M": 500
      },
      "geometry": {
        "type": "Point",
        "coordinates": [
          -117.49285927910172,
          49.58433297445861
        ]
      }
    },
    {
      "type": "Feature",
      "properties": {
        "GRID_ID": 604,
        "GRID_X": 1614000.0,
        "GRID_Y": 545000.0,
        "SPACING_M": 500
      },
      "geometry": {
        "type": "Point",
        "coordinates": [
          -117.49203069557596,
          49.588798351135296
        ]
      }
    },
    {
      "type": "Feature",
      "properties": {
        "GRID_ID": 605,
        "GRID_X": 1614000.0,
        "GRID_Y": 545500.0,
        "SPACING_M": 500
      },
      "geometry": {
        "type": "Point",
        "coordinates": [
          -117.49120195140684,
          49.59326369280537
        ]
      }
    },
    {
      "type": "Feature",
      "properties": {
        "GRID_ID": 606,
        "GRID_X": 1614000.0,
        "GRID_Y": 546000.0,
        "SPACING_M": 500
      },
      "geometry": {
        "type": "Point",
        "coordinates": [
          -117.49037304654784,
          49.597728999487465
        ]
      }
    },
    {
      "type": "Feature",
      "properties": {
        "GRID_ID": 607,
        "GRID_X": 1614000.0,
        "GRID_Y": 546500.0,
        "SPACING_M": 500
      },
      "geometry": {
        "type": "Point",
        "coordinates": [
          -117.48954398095248,
          49.60219427120014
        ]
      }
    },
    {
      "type": "Feature",
      "properties": {
        "GRID_ID": 608,
        "GRID_X": 1614500.0,
        "GRID_Y": 530500.0,
        "SPACING_M": 500
      },
      "geometry": {
        "type": "Point",
        "coordinates": [
          -117.50915182814343,
          49.45875007499261
        ]
      }
    },
    {
      "type": "Feature",
      "properties": {
        "GRID_ID": 609,
        "GRID_X": 1614500.0,
        "GRID_Y": 531000.0,
        "SPACING_M": 500
      },
      "geometry": {
        "type": "Point",
        "coordinates": [
          -117.50832707194284,
          49.463216390894075
        ]
      }
    },
    {
      "type": "Feature",
      "properties": {
        "GRID_ID": 610,
        "GRID_X": 1614500.0,
        "GRID_Y": 531500.0,
        "SPACING_M": 500
      },
      "geometry": {
        "type": "Point",
        "coordinates": [
          -117.50750215627117,
          49.467682671258565
        ]
      }
    },
    {
      "type": "Feature",
      "properties": {
        "GRID_ID": 611,
        "GRID_X": 1614500.0,
        "GRID_Y": 532000.0,
        "SPACING_M": 500
      },
      "geometry": {
        "type": "Point",
        "coordinates": [
          -117.50667708108244,
          49.47214891610438
        ]
      }
    },
    {
      "type": "Feature",
      "properties": {
        "GRID_ID": 612,
        "GRID_X": 1614500.0,
        "GRID_Y": 532500.0,
        "SPACING_M": 500
      },
      "geometry": {
        "type": "Point",
        "coordinates": [
          -117.50585184633054,
          49.47661512545006
        ]
      }
    },
    {
      "type": "Feature",
      "properties": {
        "GRID_ID": 613,
        "GRID_X": 1614500.0,
        "GRID_Y": 533000.0,
        "SPACING_M": 500
      },
      "geometry": {
        "type": "Point",
        "coordinates": [
          -117.50502645196944,
          49.48108129931408
        ]
      }
    },
    {
      "type": "Feature",
      "properties": {
        "GRID_ID": 614,
        "GRID_X": 1614500.0,
        "GRID_Y": 533500.0,
        "SPACING_M": 500
      },
      "geometry": {
        "type": "Point",
        "coordinates": [
          -117.50420089795304,
          49.48554743771495
        ]
      }
    },
    {
      "type": "Feature",
      "properties": {
        "GRID_ID": 615,
        "GRID_X": 1614500.0,
        "GRID_Y": 534000.0,
        "SPACING_M": 500
      },
      "geometry": {
        "type": "Point",
        "coordinates": [
          -117.50337518423524,
          49.49001354067115
        ]
      }
    },
    {
      "type": "Feature",
      "properties": {
        "GRID_ID": 616,
        "GRID_X": 1614500.0,
        "GRID_Y": 534500.0,
        "SPACING_M": 500
      },
      "geometry": {
        "type": "Point",
        "coordinates": [
          -117.50254931076991,
          49.4944796082012
        ]
      }
    },
    {
      "type": "Feature",
      "properties": {
        "GRID_ID": 617,
        "GRID_X": 1614500.0,
        "GRID_Y": 535000.0,
        "SPACING_M": 500
      },
      "geometry": {
        "type": "Point",
        "coordinates": [
          -117.50172327751093,
          49.49894564032358
        ]
      }
    },
    {
      "type": "Feature",
      "properties": {
        "GRID_ID": 618,
        "GRID_X": 1614500.0,
        "GRID_Y": 535500.0,
        "SPACING_M": 500
      },
      "geometry": {
        "type": "Point",
        "coordinates": [
          -117.50089708441216,
          49.50341163705684
        ]
      }
    },
    {
      "type": "Feature",
      "properties": {
        "GRID_ID": 619,
        "GRID_X": 1614500.0,
        "GRID_Y": 536000.0,
        "SPACING_M": 500
      },
      "geometry": {
        "type": "Point",
        "coordinates": [
          -117.50007073142737,
          49.50787759841946
        ]
      }
    },
    {
      "type": "Feature",
      "properties": {
        "GRID_ID": 620,
        "GRID_X": 1614500.0,
        "GRID_Y": 536500.0,
        "SPACING_M": 500
      },
      "geometry": {
        "type": "Point",
        "coordinates": [
          -117.4992442185104,
          49.512343524429866
        ]
      }
    },
    {
      "type": "Feature",
      "properties": {
        "GRID_ID": 621,
        "GRID_X": 1614500.0,
        "GRID_Y": 537000.0,
        "SPACING_M": 500
      },
      "geometry": {
        "type": "Point",
        "coordinates": [
          -117.49841754561504,
          49.516809415106664
        ]
      }
    },
    {
      "type": "Feature",
      "properties": {
        "GRID_ID": 622,
        "GRID_X": 1614500.0,
        "GRID_Y": 537500.0,
        "SPACING_M": 500
      },
      "geometry": {
        "type": "Point",
        "coordinates": [
          -117.49759071269509,
          49.521275270468394
        ]
      }
    },
    {
      "type": "Feature",
      "properties": {
        "GRID_ID": 623,
        "GRID_X": 1614500.0,
        "GRID_Y": 538000.0,
        "SPACING_M": 500
      },
      "geometry": {
        "type": "Point",
        "coordinates": [
          -117.49676371970425,
          49.52574109053345
        ]
      }
    },
    {
      "type": "Feature",
      "properties": {
        "GRID_ID": 624,
        "GRID_X": 1614500.0,
        "GRID_Y": 538500.0,
        "SPACING_M": 500
      },
      "geometry": {
        "type": "Point",
        "coordinates": [
          -117.49593656659631,
          49.53020687532051
        ]
      }
    },
    {
      "type": "Feature",
      "properties": {
        "GRID_ID": 625,
        "GRID_X": 1614500.0,
        "GRID_Y": 539000.0,
        "SPACING_M": 500
      },
      "geometry": {
        "type": "Point",
        "coordinates": [
          -117.49510925332497,
          49.534672624848
        ]
      }
    },
    {
      "type": "Feature",
      "properties": {
        "GRID_ID": 626,
        "GRID_X": 1614500.0,
        "GRID_Y": 539500.0,
        "SPACING_M": 500
      },
      "geometry": {
        "type": "Point",
        "coordinates": [
          -117.49428177984392,
          49.539138339134425
        ]
      }
    },
    {
      "type": "Feature",
      "properties": {
        "GRID_ID": 627,
        "GRID_X": 1614500.0,
        "GRID_Y": 540000.0,
        "SPACING_M": 500
      },
      "geometry": {
        "type": "Point",
        "coordinates": [
          -117.49345414610686,
          49.54360401819844
        ]
      }
    },
    {
      "type": "Feature",
      "properties": {
        "GRID_ID": 628,
        "GRID_X": 1614500.0,
        "GRID_Y": 540500.0,
        "SPACING_M": 500
      },
      "geometry": {
        "type": "Point",
        "coordinates": [
          -117.49262635206743,
          49.548069662058495
        ]
      }
    },
    {
      "type": "Feature",
      "properties": {
        "GRID_ID": 629,
        "GRID_X": 1614500.0,
        "GRID_Y": 541000.0,
        "SPACING_M": 500
      },
      "geometry": {
        "type": "Point",
        "coordinates": [
          -117.49179839767933,
          49.552535270733124
        ]
      }
    },
    {
      "type": "Feature",
      "properties": {
        "GRID_ID": 630,
        "GRID_X": 1614500.0,
        "GRID_Y": 541500.0,
        "SPACING_M": 500
      },
      "geometry": {
        "type": "Point",
        "coordinates": [
          -117.49097028289616,
          49.55700084424092
        ]
      }
    },
    {
      "type": "Feature",
      "properties": {
        "GRID_ID": 631,
        "GRID_X": 1614500.0,
        "GRID_Y": 542000.0,
        "SPACING_M": 500
      },
      "geometry": {
        "type": "Point",
        "coordinates": [
          -117.49014200767152,
          49.56146638260036
        ]
      }
    },
    {
      "type": "Feature",
      "properties": {
        "GRID_ID": 632,
        "GRID_X": 1614500.0,
        "GRID_Y": 542500.0,
        "SPACING_M": 500
      },
      "geometry": {
        "type": "Point",
        "coordinates": [
          -117.48931357195902,
          49.56593188582999
        ]
      }
    },
    {
      "type": "Feature",
      "properties": {
        "GRID_ID": 633,
        "GRID_X": 1614500.0,
        "GRID_Y": 543000.0,
        "SPACING_M": 500
      },
      "geometry": {
        "type": "Point",
        "coordinates": [
          -117.48848497571228,
          49.57039735394842
        ]
      }
    },
    {
      "type": "Feature",
      "properties": {
        "GRID_ID": 634,
        "GRID_X": 1614500.0,
        "GRID_Y": 543500.0,
        "SPACING_M": 500
      },
      "geometry": {
        "type": "Point",
        "coordinates": [
          -117.48765621888477,
          49.57486278697415
        ]
      }
    },
    {
      "type": "Feature",
      "properties": {
        "GRID_ID": 635,
        "GRID_X": 1614500.0,
        "GRID_Y": 544000.0,
        "SPACING_M": 500
      },
      "geometry": {
        "type": "Point",
        "coordinates": [
          -117.48682730143011,
          49.57932818492583
        ]
      }
    },
    {
      "type": "Feature",
      "properties": {
        "GRID_ID": 636,
        "GRID_X": 1614500.0,
        "GRID_Y": 544500.0,
        "SPACING_M": 500
      },
      "geometry": {
        "type": "Point",
        "coordinates": [
          -117.48599822330178,
          49.583793547821905
        ]
      }
    },
    {
      "type": "Feature",
      "properties": {
        "GRID_ID": 637,
        "GRID_X": 1614500.0,
        "GRID_Y": 545000.0,
        "SPACING_M": 500
      },
      "geometry": {
        "type": "Point",
        "coordinates": [
          -117.48516898445332,
          49.588258875681014
        ]
      }
    },
    {
      "type": "Feature",
      "properties": {
        "GRID_ID": 638,
        "GRID_X": 1614500.0,
        "GRID_Y": 545500.0,
        "SPACING_M": 500
      },
      "geometry": {
        "type": "Point",
        "coordinates": [
          -117.48433958483818,
          49.5927241685217
        ]
      }
    },
    {
      "type": "Feature",
      "properties": {
        "GRID_ID": 639,
        "GRID_X": 1614500.0,
        "GRID_Y": 546000.0,
        "SPACING_M": 500
      },
      "geometry": {
        "type": "Point",
        "coordinates": [
          -117.48351002440987,
          49.597189426362505
        ]
      }
    },
    {
      "type": "Feature",
      "properties": {
        "GRID_ID": 640,
        "GRID_X": 1614500.0,
        "GRID_Y": 546500.0,
        "SPACING_M": 500
      },
      "geometry": {
        "type": "Point",
        "coordinates": [
          -117.48268030312182,
          49.60165464922204
        ]
      }
    },
    {
      "type": "Feature",
      "properties": {
        "GRID_ID": 641,
        "GRID_X": 1615000.0,
        "GRID_Y": 530500.0,
        "SPACING_M": 500
      },
      "geometry": {
        "type": "Point",
        "coordinates": [
          -117.5023092308888,
          49.4582115783172
        ]
      }
    },
    {
      "type": "Feature",
      "properties": {
        "GRID_ID": 642,
        "GRID_X": 1615000.0,
        "GRID_Y": 531000.0,
        "SPACING_M": 500
      },
      "geometry": {
        "type": "Point",
        "coordinates": [
          -117.50148382284968,
          49.462677845693804
        ]
      }
    },
    {
      "type": "Feature",
      "properties": {
        "GRID_ID": 643,
        "GRID_X": 1615000.0,
        "GRID_Y": 531500.0,
        "SPACING_M": 500
      },
      "geometry": {
        "type": "Point",
        "coordinates": [
          -117.50065825521717,
          49.467144077521546
        ]
      }
    },
    {
      "type": "Feature",
      "properties": {
        "GRID_ID": 644,
        "GRID_X": 1615000.0,
        "GRID_Y": 532000.0,
        "SPACING_M": 500
      },
      "geometry": {
        "type": "Point",
        "coordinates": [
          -117.49983252794524,
          49.471610273818925
        ]
      }
    },
    {
      "type": "Feature",
      "properties": {
        "GRID_ID": 645,
        "GRID_X": 1615000.0,
        "GRID_Y": 532500.0,
        "SPACING_M": 500
      },
      "geometry": {
        "type": "Point",
        "coordinates": [
          -117.49900664098777,
          49.47607643460442
        ]
      }
    },
    {
      "type": "Feature",
      "properties": {
        "GRID_ID": 646,
        "GRID_X": 1615000.0,
        "GRID_Y": 533000.0,
        "SPACING_M": 500
      },
      "geometry": {
        "type": "Point",
        "coordinates": [
          -117.4981805942987,
          49.48054255989647
        ]
      }
    },
    {
      "type": "Feature",
      "properties": {
        "GRID_ID": 647,
        "GRID_X": 1615000.0,
        "GRID_Y": 533500.0,
        "SPACING_M": 500
      },
      "geometry": {
        "type": "Point",
        "coordinates": [
          -117.49735438783183,
          49.48500864971367
        ]
      }
    },
    {
      "type": "Feature",
      "properties": {
        "GRID_ID": 648,
        "GRID_X": 1615000.0,
        "GRID_Y": 534000.0,
        "SPACING_M": 500
      },
      "geometry": {
        "type": "Point",
        "coordinates": [
          -117.49652802154111,
          49.48947470407434
        ]
      }
    },
    {
      "type": "Feature",
      "properties": {
        "GRID_ID": 649,
        "GRID_X": 1615000.0,
        "GRID_Y": 534500.0,
        "SPACING_M": 500
      },
      "geometry": {
        "type": "Point",
        "coordinates": [
          -117.49570149538036,
          49.493940722997145
        ]
      }
    },
    {
      "type": "Feature",
      "properties": {
        "GRID_ID": 650,
        "GRID_X": 1615000.0,
        "GRID_Y": 535000.0,
        "SPACING_M": 500
      },
      "geometry": {
        "type": "Point",
        "coordinates": [
          -117.4948748093034,
          49.498406706500575
        ]
      }
    },
    {
      "type": "Feature",
      "properties": {
        "GRID_ID": 651,
        "GRID_X": 1615000.0,
        "GRID_Y": 535500.0,
        "SPACING_M": 500
      },
      "geometry": {
        "type": "Point",
        "coordinates": [
          -117.49404796326401,
          49.502872654602996
        ]
      }
    },
    {
      "type": "Feature",
      "properties": {
        "GRID_ID": 652,
        "GRID_X": 1615000.0,
        "GRID_Y": 536000.0,
        "SPACING_M": 500
      },
      "geometry": {
        "type": "Point",
        "coordinates": [
          -117.49322095721602,
          49.507338567322975
        ]
      }
    },
    {
      "type": "Feature",
      "properties": {
        "GRID_ID": 653,
        "GRID_X": 1615000.0,
        "GRID_Y": 536500.0,
        "SPACING_M": 500
      },
      "geometry": {
        "type": "Point",
        "coordinates": [
          -117.4923937911132,
          49.51180444467902
        ]
      }
    },
    {
      "type": "Feature",
      "properties": {
        "GRID_ID": 654,
        "GRID_X": 1615000.0,
        "GRID_Y": 537000.0,
        "SPACING_M": 500
      },
      "geometry": {
        "type": "Point",
        "coordinates": [
          -117.49156646490928,
          49.516270286689625
        ]
      }
    },
    {
      "type": "Feature",
      "properties": {
        "GRID_ID": 655,
        "GRID_X": 1615000.0,
        "GRID_Y": 537500.0,
        "SPACING_M": 500
      },
      "geometry": {
        "type": "Point",
        "coordinates": [
          -117.49073897855807,
          49.52073609337345
        ]
      }
    },
    {
      "type": "Feature",
      "properties": {
        "GRID_ID": 656,
        "GRID_X": 1615000.0,
        "GRID_Y": 538000.0,
        "SPACING_M": 500
      },
      "geometry": {
        "type": "Point",
        "coordinates": [
          -117.4899113320132,
          49.52520186474875
        ]
      }
    },
    {
      "type": "Feature",
      "properties": {
        "GRID_ID": 657,
        "GRID_X": 1615000.0,
        "GRID_Y": 538500.0,
        "SPACING_M": 500
      },
      "geometry": {
        "type": "Point",
        "coordinates": [
          -117.48908352522844,
          49.529667600834244
        ]
      }
    },
    {
      "type": "Feature",
      "properties": {
        "GRID_ID": 658,
        "GRID_X": 1615000.0,
        "GRID_Y": 539000.0,
        "SPACING_M": 500
      },
      "geometry": {
        "type": "Point",
        "coordinates": [
          -117.48825555815743,
          49.534133301648374
        ]
      }
    },
    {
      "type": "Feature",
      "properties": {
        "GRID_ID": 659,
        "GRID_X": 1615000.0,
        "GRID_Y": 539500.0,
        "SPACING_M": 500
      },
      "geometry": {
        "type": "Point",
        "coordinates": [
          -117.4874274307539,
          49.53859896720969
        ]
      }
    },
    {
      "type": "Feature",
      "properties": {
        "GRID_ID": 660,
        "GRID_X": 1615000.0,
        "GRID_Y": 540000.0,
        "SPACING_M": 500
      },
      "geometry": {
        "type": "Point",
        "coordinates": [
          -117.48659914297144,
          49.543064597536734
        ]
      }
    },
    {
      "type": "Feature",
      "properties": {
        "GRID_ID": 661,
        "GRID_X": 1615000.0,
        "GRID_Y": 540500.0,
        "SPACING_M": 500
      },
      "geometry": {
        "type": "Point",
        "coordinates": [
          -117.48577069476372,
          49.547530192647976
        ]
      }
    },
    {
      "type": "Feature",
      "properties": {
        "GRID_ID": 662,
        "GRID_X": 1615000.0,
        "GRID_Y": 541000.0,
        "SPACING_M": 500
      },
      "geometry": {
        "type": "Point",
        "coordinates": [
          -117.4849420860843,
          49.55199575256197
        ]
      }
    },
    {
      "type": "Feature",
      "properties": {
        "GRID_ID": 663,
        "GRID_X": 1615000.0,
        "GRID_Y": 541500.0,
        "SPACING_M": 500
      },
      "geometry": {
        "type": "Point",
        "coordinates": [
          -117.48411331688685,
          49.556461277297316
        ]
      }
    },
    {
      "type": "Feature",
      "properties": {
        "GRID_ID": 664,
        "GRID_X": 1615000.0,
        "GRID_Y": 542000.0,
        "SPACING_M": 500
      },
      "geometry": {
        "type": "Point",
        "coordinates": [
          -117.48328438712491,
          49.56092676687244
        ]
      }
    },
    {
      "type": "Feature",
      "properties": {
        "GRID_ID": 665,
        "GRID_X": 1615000.0,
        "GRID_Y": 542500.0,
        "SPACING_M": 500
      },
      "geometry": {
        "type": "Point",
        "coordinates": [
          -117.48245529675205,
          49.565392221306006
        ]
      }
    },
    {
      "type": "Feature",
      "properties": {
        "GRID_ID": 666,
        "GRID_X": 1615000.0,
        "GRID_Y": 543000.0,
        "SPACING_M": 500
      },
      "geometry": {
        "type": "Point",
        "coordinates": [
          -117.48162604572181,
          49.569857640616505
        ]
      }
    },
    {
      "type": "Feature",
      "properties": {
        "GRID_ID": 667,
        "GRID_X": 1615000.0,
        "GRID_Y": 543500.0,
        "SPACING_M": 500
      },
      "geometry": {
        "type": "Point",
        "coordinates": [
          -117.48079663398771,
          49.57432302482252
        ]
      }
    },
    {
      "type": "Feature",
      "properties": {
        "GRID_ID": 668,
        "GRID_X": 1615000.0,
        "GRID_Y": 544000.0,
        "SPACING_M": 500
      },
      "geometry": {
        "type": "Point",
        "coordinates": [
          -117.47996706150329,
          49.578788373942565
        ]
      }
    },
    {
      "type": "Feature",
      "properties": {
        "GRID_ID": 669,
        "GRID_X": 1615000.0,
        "GRID_Y": 544500.0,
        "SPACING_M": 500
      },
      "geometry": {
        "type": "Point",
        "coordinates": [
          -117.479137328222,
          49.58325368799516
        ]
      }
    },
    {
      "type": "Feature",
      "properties": {
        "GRID_ID": 670,
        "GRID_X": 1615000.0,
        "GRID_Y": 545000.0,
        "SPACING_M": 500
      },
      "geometry": {
        "type": "Point",
        "coordinates": [
          -117.47830743409733,
          49.58771896699894
        ]
      }
    },
    {
      "type": "Feature",
      "properties": {
        "GRID_ID": 671,
        "GRID_X": 1615000.0,
        "GRID_Y": 545500.0,
        "SPACING_M": 500
      },
      "geometry": {
        "type": "Point",
        "coordinates": [
          -117.47747737908273,
          49.592184210972455
        ]
      }
    },
    {
      "type": "Feature",
      "properties": {
        "GRID_ID": 672,
        "GRID_X": 1615000.0,
        "GRID_Y": 546000.0,
        "SPACING_M": 500
      },
      "geometry": {
        "type": "Point",
        "coordinates": [
          -117.47664716313163,
          49.596649419934245
        ]
      }
    },
    {
      "type": "Feature",
      "properties": {
        "GRID_ID": 673,
        "GRID_X": 1615500.0,
        "GRID_Y": 530500.0,
        "SPACING_M": 500
      },
      "geometry": {
        "type": "Point",
        "coordinates": [
          -117.49546679318146,
          49.457672649518486
        ]
      }
    },
    {
      "type": "Feature",
      "properties": {
        "GRID_ID": 674,
        "GRID_X": 1615500.0,
        "GRID_Y": 531000.0,
        "SPACING_M": 500
      },
      "geometry": {
        "type": "Point",
        "coordinates": [
          -117.49464073334988,
          49.46213886833263
        ]
      }
    },
    {
      "type": "Feature",
      "properties": {
        "GRID_ID": 675,
        "GRID_X": 1615500.0,
        "GRID_Y": 531500.0,
        "SPACING_M": 500
      },
      "geometry": {
        "type": "Point",
        "coordinates": [
          -117.49381451380262,
          49.46660505158627
        ]
      }
    },
    {
      "type": "Feature",
      "properties": {
        "GRID_ID": 676,
        "GRID_X": 1615500.0,
        "GRID_Y": 532000.0,
        "SPACING_M": 500
      },
      "geometry": {
        "type": "Point",
        "coordinates": [
          -117.49298813449357,
          49.47107119929767
        ]
      }
    },
    {
      "type": "Feature",
      "properties": {
        "GRID_ID": 677,
        "GRID_X": 1615500.0,
        "GRID_Y": 532500.0,
        "SPACING_M": 500
      },
      "geometry": {
        "type": "Point",
        "coordinates": [
          -117.49216159537664,
          49.47553731148549
        ]
      }
    },
    {
      "type": "Feature",
      "properties": {
        "GRID_ID": 678,
        "GRID_X": 1615500.0,
        "GRID_Y": 533000.0,
        "SPACING_M": 500
      },
      "geometry": {
        "type": "Point",
        "coordinates": [
          -117.49133489640568,
          49.480003388168114
        ]
      }
    },
    {
      "type": "Feature",
      "properties": {
        "GRID_ID": 679,
        "GRID_X": 1615500.0,
        "GRID_Y": 533500.0,
        "SPACING_M": 500
      },
      "geometry": {
        "type": "Point",
        "coordinates": [
          -117.49050803753454,
          49.484469429364026
        ]
      }
    },
    {
      "type": "Feature",
      "properties": {
        "GRID_ID": 680,
        "GRID_X": 1615500.0,
        "GRID_Y": 534000.0,
        "SPACING_M": 500
      },
      "geometry": {
        "type": "Point",
        "coordinates": [
          -117.48968101871704,
          49.488935435091754
        ]
      }
    },
    {
      "type": "Feature",
      "properties": {
        "GRID_ID": 681,
        "GRID_X": 1615500.0,
        "GRID_Y": 534500.0,
        "SPACING_M": 500
      },
      "geometry": {
        "type": "Point",
        "coordinates": [
          -117.488853839907,
          49.493401405369745
        ]
      }
    },
    {
      "type": "Feature",
      "properties": {
        "GRID_ID": 682,
        "GRID_X": 1615500.0,
        "GRID_Y": 535000.0,
        "SPACING_M": 500
      },
      "geometry": {
        "type": "Point",
        "coordinates": [
          -117.48802650105823,
          49.497867340216565
        ]
      }
    },
    {
      "type": "Feature",
      "properties": {
        "GRID_ID": 683,
        "GRID_X": 1615500.0,
        "GRID_Y": 535500.0,
        "SPACING_M": 500
      },
      "geometry": {
        "type": "Point",
        "coordinates": [
          -117.48719900212447,
          49.502333239650675
        ]
      }
    },
    {
      "type": "Feature",
      "properties": {
        "GRID_ID": 684,
        "GRID_X": 1615500.0,
        "GRID_Y": 536000.0,
        "SPACING_M": 500
      },
      "geometry": {
        "type": "Point",
        "coordinates": [
          -117.4863713430595,
          49.50679910369051
        ]
      }
    },
    {
      "type": "Feature",
      "properties": {
        "GRID_ID": 685,
        "GRID_X": 1615500.0,
        "GRID_Y": 536500.0,
        "SPACING_M": 500
      },
      "geometry": {
        "type": "Point",
        "coordinates": [
          -117.48554352381706,
          49.51126493235464
        ]
      }
    },
    {
      "type": "Feature",
      "properties": {
        "GRID_ID": 686,
        "GRID_X": 1615500.0,
        "GRID_Y": 537000.0,
        "SPACING_M": 500
      },
      "geometry": {
        "type": "Point",
        "coordinates": [
          -117.48471554435088,
          49.51573072566151
        ]
      }
    },
    {
      "type": "Feature",
      "properties": {
        "GRID_ID": 687,
        "GRID_X": 1615500.0,
        "GRID_Y": 537500.0,
        "SPACING_M": 500
      },
      "geometry": {
        "type": "Point",
        "coordinates": [
          -117.48388740461463,
          49.52019648362977
        ]
      }
    },
    {
      "type": "Feature",
      "properties": {
        "GRID_ID": 688,
        "GRID_X": 1615500.0,
        "GRID_Y": 538000.0,
        "SPACING_M": 500
      },
      "geometry": {
        "type": "Point",
        "coordinates": [
          -117.48305910456206,
          49.52466220627771
        ]
      }
    },
    {
      "type": "Feature",
      "properties": {
        "GRID_ID": 689,
        "GRID_X": 1615500.0,
        "GRID_Y": 538500.0,
        "SPACING_M": 500
      },
      "geometry": {
        "type": "Point",
        "coordinates": [
          -117.48223064414678,
          49.529127893624064
        ]
      }
    },
    {
      "type": "Feature",
      "properties": {
        "GRID_ID": 690,
        "GRID_X": 1615500.0,
        "GRID_Y": 539000.0,
        "SPACING_M": 500
      },
      "geometry": {
        "type": "Point",
        "coordinates": [
          -117.48140202332249,
          49.533593545687204
        ]
      }
    },
    {
      "type": "Feature",
      "properties": {
        "GRID_ID": 691,
        "GRID_X": 1615500.0,
        "GRID_Y": 539500.0,
        "SPACING_M": 500
      },
      "geometry": {
        "type": "Point",
        "coordinates": [
          -117.48057324204278,
          49.53805916248574
        ]
      }
    },
    {
      "type": "Feature",
      "properties": {
        "GRID_ID": 692,
        "GRID_X": 1615500.0,
        "GRID_Y": 540000.0,
        "SPACING_M": 500
      },
      "geometry": {
        "type": "Point",
        "coordinates": [
          -117.47974430026129,
          49.54252474403813
        ]
      }
    },
    {
      "type": "Feature",
      "properties": {
        "GRID_ID": 693,
        "GRID_X": 1615500.0,
        "GRID_Y": 540500.0,
        "SPACING_M": 500
      },
      "geometry": {
        "type": "Point",
        "coordinates": [
          -117.47891519793163,
          49.54699029036293
        ]
      }
    },
    {
      "type": "Feature",
      "properties": {
        "GRID_ID": 694,
        "GRID_X": 1615500.0,
        "GRID_Y": 541000.0,
        "SPACING_M": 500
      },
      "geometry": {
        "type": "Point",
        "coordinates": [
          -117.47808593500733,
          49.55145580147872
        ]
      }
    },
    {
      "type": "Feature",
      "properties": {
        "GRID_ID": 695,
        "GRID_X": 1615500.0,
        "GRID_Y": 541500.0,
        "SPACING_M": 500
      },
      "geometry": {
        "type": "Point",
        "coordinates": [
          -117.47725651144204,
          49.5559212774039
        ]
      }
    },
    {
      "type": "Feature",
      "properties": {
        "GRID_ID": 696,
        "GRID_X": 1615500.0,
        "GRID_Y": 542000.0,
        "SPACING_M": 500
      },
      "geometry": {
        "type": "Point",
        "coordinates": [
          -117.47642692718921,
          49.56038671815719
        ]
      }
    },
    {
      "type": "Feature",
      "properties": {
        "GRID_ID": 697,
        "GRID_X": 1615500.0,
        "GRID_Y": 542500.0,
        "SPACING_M": 500
      },
      "geometry": {
        "type": "Point",
        "coordinates": [
          -117.47559718220243,
          49.56485212375698
        ]
      }
    },
    {
      "type": "Feature",
      "properties": {
        "GRID_ID": 698,
        "GRID_X": 1615500.0,
        "GRID_Y": 543000.0,
        "SPACING_M": 500
      },
      "geometry": {
        "type": "Point",
        "coordinates": [
          -117.4747672764352,
          49.56931749422188
        ]
      }
    },
    {
      "type": "Feature",
      "properties": {
        "GRID_ID": 699,
        "GRID_X": 1615500.0,
        "GRID_Y": 543500.0,
        "SPACING_M": 500
      },
      "geometry": {
        "type": "Point",
        "coordinates": [
          -117.473937209841,
          49.57378282957032
        ]
      }
    },
    {
      "type": "Feature",
      "properties": {
        "GRID_ID": 700,
        "GRID_X": 1615500.0,
        "GRID_Y": 544000.0,
        "SPACING_M": 500
      },
      "geometry": {
        "type": "Point",
        "coordinates": [
          -117.47310698237331,
          49.57824812982104
        ]
      }
    },
    {
      "type": "Feature",
      "properties": {
        "GRID_ID": 701,
        "GRID_X": 1615500.0,
        "GRID_Y": 544500.0,
        "SPACING_M": 500
      },
      "geometry": {
        "type": "Point",
        "coordinates": [
          -117.47227659398557,
          49.58271339499249
        ]
      }
    },
    {
      "type": "Feature",
      "properties": {
        "GRID_ID": 702,
        "GRID_X": 1615500.0,
        "GRID_Y": 545000.0,
        "SPACING_M": 500
      },
      "geometry": {
        "type": "Point",
        "coordinates": [
          -117.47144604463126,
          49.58717862510329
        ]
      }
    },
    {
      "type": "Feature",
      "properties": {
        "GRID_ID": 703,
        "GRID_X": 1615500.0,
        "GRID_Y": 545500.0,
        "SPACING_M": 500
      },
      "geometry": {
        "type": "Point",
        "coordinates": [
          -117.47061533426374,
          49.59164382017191
        ]
      }
    },
    {
      "type": "Feature",
      "properties": {
        "GRID_ID": 704,
        "GRID_X": 1615500.0,
        "GRID_Y": 546000.0,
        "SPACING_M": 500
      },
      "geometry": {
        "type": "Point",
        "coordinates": [
          -117.46978446283646,
          49.59610898021692
        ]
      }
    },
    {
      "type": "Feature",
      "properties": {
        "GRID_ID": 705,
        "GRID_X": 1616000.0,
        "GRID_Y": 530500.0,
        "SPACING_M": 500
      },
      "geometry": {
        "type": "Point",
        "coordinates": [
          -117.48862451514375,
          49.45713328861045
        ]
      }
    },
    {
      "type": "Feature",
      "properties": {
        "GRID_ID": 706,
        "GRID_X": 1616000.0,
        "GRID_Y": 531000.0,
        "SPACING_M": 500
      },
      "geometry": {
        "type": "Point",
        "coordinates": [
          -117.48779780356578,
          49.461599458824786
        ]
      }
    },
    {
      "type": "Feature",
      "properties": {
        "GRID_ID": 707,
        "GRID_X": 1616000.0,
        "GRID_Y": 531500.0,
        "SPACING_M": 500
      },
      "geometry": {
        "type": "Point",
        "coordinates": [
          -117.48697093214984,
          49.46606559346671
        ]
      }
    },
    {
      "type": "Feature",
      "properties": {
        "GRID_ID": 708,
        "GRID_X": 1616000.0,
        "GRID_Y": 532000.0,
        "SPACING_M": 500
      },
      "geometry": {
        "type": "Point",
        "coordinates": [
          -117.48614390084981,
          49.47053169255475
        ]
      }
    },
    {
      "type": "Feature",
      "properties": {
        "GRID_ID": 709,
        "GRID_X": 1616000.0,
        "GRID_Y": 532500.0,
        "SPACING_M": 500
      },
      "geometry": {
        "type": "Point",
        "coordinates": [
          -117.48531670961952,
          49.47499775610734
        ]
      }
    },
    {
      "type": "Feature",
      "properties": {
        "GRID_ID": 710,
        "GRID_X": 1616000.0,
        "GRID_Y": 533000.0,
        "SPACING_M": 500
      },
      "geometry": {
        "type": "Point",
        "coordinates": [
          -117.48448935841284,
          49.47946378414301
        ]
      }
    },
    {
      "type": "Feature",
      "properties": {
        "GRID_ID": 711,
        "GRID_X": 1616000.0,
        "GRID_Y": 533500.0,
        "SPACING_M": 500
      },
      "geometry": {
        "type": "Point",
        "coordinates": [
          -117.48366184718358,
          49.483929776680206
        ]
      }
    },
    {
      "type": "Feature",
      "properties": {
        "GRID_ID": 712,
        "GRID_X": 1616000.0,
        "GRID_Y": 534000.0,
        "SPACING_M": 500
      },
      "geometry": {
        "type": "Point",
        "coordinates": [
          -117.4828341758855,
          49.48839573373738
        ]
      }
    },
    {
      "type": "Feature",
      "properties": {
        "GRID_ID": 713,
        "GRID_X": 1616000.0,
        "GRID_Y": 534500.0,
        "SPACING_M": 500
      },
      "geometry": {
        "type": "Point",
        "coordinates": [
          -117.48200634447241,
          49.49286165533306
        ]
      }
    },
    {
      "type": "Feature",
      "properties": {
        "GRID_ID": 714,
        "GRID_X": 1616000.0,
        "GRID_Y": 535000.0,
        "SPACING_M": 500
      },
      "geometry": {
        "type": "Point",
        "coordinates": [
          -117.48117835289803,
          49.497327541485745
        ]
      }
    },
    {
      "type": "Feature",
      "properties": {
        "GRID_ID": 715,
        "GRID_X": 1616000.0,
        "GRID_Y": 535500.0,
        "SPACING_M": 500
      },
      "geometry": {
        "type": "Point",
        "coordinates": [
          -117.48035020111615,
          49.50179339221392
        ]
      }
    },
    {
      "type": "Feature",
      "properties": {
        "GRID_ID": 716,
        "GRID_X": 1616000.0,
        "GRID_Y": 536000.0,
        "SPACING_M": 500
      },
      "geometry": {
        "type": "Point",
        "coordinates": [
          -117.47952188908046,
          49.506259207536054
        ]
      }
    },
    {
      "type": "Feature",
      "properties": {
        "GRID_ID": 717,
        "GRID_X": 1616000.0,
        "GRID_Y": 536500.0,
        "SPACING_M": 500
      },
      "geometry": {
        "type": "Point",
        "coordinates": [
          -117.47869341674469,
          49.510724987470674
        ]
      }
    },
    {
      "type": "Feature",
      "properties": {
        "GRID_ID": 718,
        "GRID_X": 1616000.0,
        "GRID_Y": 537000.0,
        "SPACING_M": 500
      },
      "geometry": {
        "type": "Point",
        "coordinates": [
          -117.4778647840625,
          49.515190732036295
        ]
      }
    },
    {
      "type": "Feature",
      "properties": {
        "GRID_ID": 719,
        "GRID_X": 1616000.0,
        "GRID_Y": 537500.0,
        "SPACING_M": 500
      },
      "geometry": {
        "type": "Point",
        "coordinates": [
          -117.47703599098759,
          49.519656441251385
        ]
      }
    },
    {
      "type": "Feature",
      "properties": {
        "GRID_ID": 720,
        "GRID_X": 1616000.0,
        "GRID_Y": 538000.0,
        "SPACING_M": 500
      },
      "geometry": {
        "type": "Point",
        "coordinates": [
          -117.47620703747361,
          49.5241221151344
        ]
      }
    },
    {
      "type": "Feature",
      "properties": {
        "GRID_ID": 721,
        "GRID_X": 1616000.0,
        "GRID_Y": 538500.0,
        "SPACING_M": 500
      },
      "geometry": {
        "type": "Point",
        "coordinates": [
          -117.47537792347417,
          49.528587753704
        ]
      }
    },
    {
      "type": "Feature",
      "properties": {
        "GRID_ID": 722,
        "GRID_X": 1616000.0,
        "GRID_Y": 539000.0,
        "SPACING_M": 500
      },
      "geometry": {
        "type": "Point",
        "coordinates": [
          -117.47454864894291,
          49.533053356978634
        ]
      }
    },
    {
      "type": "Feature",
      "properties": {
        "GRID_ID": 723,
        "GRID_X": 1616000.0,
        "GRID_Y": 539500.0,
        "SPACING_M": 500
      },
      "geometry": {
        "type": "Point",
        "coordinates": [
          -117.47371921383345,
          49.53751892497672
        ]
      }
    },
    {
      "type": "Feature",
      "properties": {
        "GRID_ID": 724,
        "GRID_X": 1616000.0,
        "GRID_Y": 540000.0,
        "SPACING_M": 500
      },
      "geometry": {
        "type": "Point",
        "coordinates": [
          -117.47288961809932,
          49.54198445771688
        ]
      }
    },
    {
      "type": "Feature",
      "properties": {
        "GRID_ID": 725,
        "GRID_X": 1616000.0,
        "GRID_Y": 540500.0,
        "SPACING_M": 500
      },
      "geometry": {
        "type": "Point",
        "coordinates": [
          -117.47205986169413,
          49.5464499552176
        ]
      }
    },
    {
      "type": "Feature",
      "properties": {
        "GRID_ID": 726,
        "GRID_X": 1616000.0,
        "GRID_Y": 541000.0,
        "SPACING_M": 500
      },
      "geometry": {
        "type": "Point",
        "coordinates": [
          -117.47122994457143,
          49.55091541749748
        ]
      }
    },
    {
      "type": "Feature",
      "properties": {
        "GRID_ID": 727,
        "GRID_X": 1616000.0,
        "GRID_Y": 541500.0,
        "SPACING_M": 500
      },
      "geometry": {
        "type": "Point",
        "coordinates": [
          -117.47039986668472,
          49.55538084457489
        ]
      }
    },
    {
      "type": "Feature",
      "properties": {
        "GRID_ID": 728,
        "GRID_X": 1616000.0,
        "GRID_Y": 542000.0,
        "SPACING_M": 500
      },
      "geometry": {
        "type": "Point",
        "coordinates": [
          -117.4695696279875,
          49.55984623646858
        ]
      }
    },
    {
      "type": "Feature",
      "properties": {
        "GRID_ID": 729,
        "GRID_X": 1616000.0,
        "GRID_Y": 542500.0,
        "SPACING_M": 500
      },
      "geometry": {
        "type": "Point",
        "coordinates": [
          -117.4687392284333,
          49.564311593196926
        ]
      }
    },
    {
      "type": "Feature",
      "properties": {
        "GRID_ID": 730,
        "GRID_X": 1616000.0,
        "GRID_Y": 543000.0,
        "SPACING_M": 500
      },
      "geometry": {
        "type": "Point",
        "coordinates": [
          -117.46790866797556,
          49.56877691477851
        ]
      }
    },
    {
      "type": "Feature",
      "properties": {
        "GRID_ID": 731,
        "GRID_X": 1616000.0,
        "GRID_Y": 543500.0,
        "SPACING_M": 500
      },
      "geometry": {
        "type": "Point",
        "coordinates": [
          -117.46707794656777,
          49.57324220123184
        ]
      }
    },
    {
      "type": "Feature",
      "properties": {
        "GRID_ID": 732,
        "GRID_X": 1616000.0,
        "GRID_Y": 544000.0,
        "SPACING_M": 500
      },
      "geometry": {
        "type": "Point",
        "coordinates": [
          -117.46624706416338,
          49.57770745257553
        ]
      }
    },
    {
      "type": "Feature",
      "properties": {
        "GRID_ID": 733,
        "GRID_X": 1616000.0,
        "GRID_Y": 544500.0,
        "SPACING_M": 500
      },
      "geometry": {
        "type": "Point",
        "coordinates": [
          -117.46541602071575,
          49.58217266882812
        ]
      }
    },
    {
      "type": "Feature",
      "properties": {
        "GRID_ID": 734,
        "GRID_X": 1616000.0,
        "GRID_Y": 545000.0,
        "SPACING_M": 500
      },
      "geometry": {
        "type": "Point",
        "coordinates": [
          -117.46458481617834,
          49.586637850008096
        ]
      }
    },
    {
      "type": "Feature",
      "properties": {
        "GRID_ID": 735,
        "GRID_X": 1616000.0,
        "GRID_Y": 545500.0,
        "SPACING_M": 500
      },
      "geometry": {
        "type": "Point",
        "coordinates": [
          -117.46375345050453,
          49.59110299613411
        ]
      }
    },
    {
      "type": "Feature",
      "properties": {
        "GRID_ID": 736,
        "GRID_X": 1616500.0,
        "GRID_Y": 530500.0,
        "SPACING_M": 500
      },
      "geometry": {
        "type": "Point",
        "coordinates": [
          -117.48178239689787,
          49.45659349560729
        ]
      }
    },
    {
      "type": "Feature",
      "properties": {
        "GRID_ID": 737,
        "GRID_X": 1616500.0,
        "GRID_Y": 531000.0,
        "SPACING_M": 500
      },
      "geometry": {
        "type": "Point",
        "coordinates": [
          -117.48095503361961,
          49.46105961718423
        ]
      }
    },
    {
      "type": "Feature",
      "properties": {
        "GRID_ID": 738,
        "GRID_X": 1616500.0,
        "GRID_Y": 531500.0,
        "SPACING_M": 500
      },
      "geometry": {
        "type": "Point",
        "coordinates": [
          -117.48012751038112,
          49.46552570317702
        ]
      }
    },
    {
      "type": "Feature",
      "properties": {
        "GRID_ID": 739,
        "GRID_X": 1616500.0,
        "GRID_Y": 532000.0,
        "SPACING_M": 500
      },
      "geometry": {
        "type": "Point",
        "coordinates": [
          -117.47929982713627,
          49.46999175360418
        ]
      }
    },
    {
      "type": "Feature",
      "properties": {
        "GRID_ID": 740,
        "GRID_X": 1616500.0,
        "GRID_Y": 532500.0,
        "SPACING_M": 500
      },
      "geometry": {
        "type": "Point",
        "coordinates": [
          -117.47847198383884,
          49.474457768484086
        ]
      }
    },
    {
      "type": "Feature",
      "properties": {
        "GRID_ID": 741,
        "GRID_X": 1616500.0,
        "GRID_Y": 533000.0,
        "SPACING_M": 500
      },
      "geometry": {
        "type": "Point",
        "coordinates": [
          -117.47764398044264,
          49.47892374783523
        ]
      }
    },
    {
      "type": "Feature",
      "properties": {
        "GRID_ID": 742,
        "GRID_X": 1616500.0,
        "GRID_Y": 533500.0,
        "SPACING_M": 500
      },
      "geometry": {
        "type": "Point",
        "coordinates": [
          -117.47681581690142,
          49.48338969167618
        ]
      }
    },
    {
      "type": "Feature",
      "properties": {
        "GRID_ID": 743,
        "GRID_X": 1616500.0,
        "GRID_Y": 534000.0,
        "SPACING_M": 500
      },
      "geometry": {
        "type": "Point",
        "coordinates": [
          -117.47598749316897,
          49.487855600025355
        ]
      }
    },
    {
      "type": "Feature",
      "properties": {
        "GRID_ID": 744,
        "GRID_X": 1616500.0,
        "GRID_Y": 534500.0,
        "SPACING_M": 500
      },
      "geometry": {
        "type": "Point",
        "coordinates": [
          -117.47515900919905,
          49.49232147290119
        ]
      }
    },
    {
      "type": "Feature",
      "properties": {
        "GRID_ID": 745,
        "GRID_X": 1616500.0,
        "GRID_Y": 535000.0,
        "SPACING_M": 500
      },
      "geometry": {
        "type": "Point",
        "coordinates": [
          -117.47433036494536,
          49.49678731032222
        ]
      }
    },
    {
      "type": "Feature",
      "properties": {
        "GRID_ID": 746,
        "GRID_X": 1616500.0,
        "GRID_Y": 535500.0,
        "SPACING_M": 500
      },
      "geometry": {
        "type": "Point",
        "coordinates": [
          -117.47350156036163,
          49.50125311230696
        ]
      }
    },
    {
      "type": "Feature",
      "properties": {
        "GRID_ID": 747,
        "GRID_X": 1616500.0,
        "GRID_Y": 536000.0,
        "SPACING_M": 500
      },
      "geometry": {
        "type": "Point",
        "coordinates": [
          -117.47267259540149,
          49.505718878873864
        ]
      }
    },
    {
      "type": "Feature",
      "properties": {
        "GRID_ID": 748,
        "GRID_X": 1616500.0,
        "GRID_Y": 536500.0,
        "SPACING_M": 500
      },
      "geometry": {
        "type": "Point",
        "coordinates": [
          -117.47184347001868,
          49.51018461004143
        ]
      }
    },
    {
      "type": "Feature",
      "properties": {
        "GRID_ID": 749,
        "GRID_X": 1616500.0,
        "GRID_Y": 537000.0,
        "SPACING_M": 500
      },
      "geometry": {
        "type": "Point",
        "coordinates": [
          -117.47101418416685,
          49.514650305828084
        ]
      }
    },
    {
      "type": "Feature",
      "properties": {
        "GRID_ID": 750,
        "GRID_X": 1616500.0,
        "GRID_Y": 537500.0,
        "SPACING_M": 500
      },
      "geometry": {
        "type": "Point",
        "coordinates": [
          -117.47018473779958,
          49.51911596625245
        ]
      }
    },
    {
      "type": "Feature",
      "properties": {
        "GRID_ID": 751,
        "GRID_X": 1616500.0,
        "GRID_Y": 538000.0,
        "SPACING_M": 500
      },
      "geometry": {
        "type": "Point",
        "coordinates": [
          -117.46935513087058,
          49.52358159133302
        ]
      }
    },
    {
      "type": "Feature",
      "properties": {
        "GRID_ID": 752,
        "GRID_X": 1616500.0,
        "GRID_Y": 538500.0,
        "SPACING_M": 500
      },
      "geometry": {
        "type": "Point",
        "coordinates": [
          -117.46852536333337,
          49.52804718108821
        ]
      }
    },
    {
      "type": "Feature",
      "properties": {
        "GRID_ID": 753,
        "GRID_X": 1616500.0,
        "GRID_Y": 539000.0,
        "SPACING_M": 500
      },
      "geometry": {
        "type": "Point",
        "coordinates": [
          -117.46769543514158,
          49.53251273553662
        ]
      }
    },
    {
      "type": "Feature",
      "properties": {
        "GRID_ID": 754,
        "GRID_X": 1616500.0,
        "GRID_Y": 539500.0,
        "SPACING_M": 500
      },
      "geometry": {
        "type": "Point",
        "coordinates": [
          -117.46686534624874,
          49.536978254696734
        ]
      }
    },
    {
      "type": "Feature",
      "properties": {
        "GRID_ID": 755,
        "GRID_X": 1616500.0,
        "GRID_Y": 540000.0,
        "SPACING_M": 500
      },
      "geometry": {
        "type": "Point",
        "coordinates": [
          -117.46603509660842,
          49.54144373858701
        ]
      }
    },
    {
      "type": "Feature",
      "properties": {
        "GRID_ID": 756,
        "GRID_X": 1616500.0,
        "GRID_Y": 540500.0,
        "SPACING_M": 500
      },
      "geometry": {
        "type": "Point",
        "coordinates": [
          -117.46520468617418,
          49.54590918722607
        ]
      }
    },
    {
      "type": "Feature",
      "properties": {
        "GRID_ID": 757,
        "GRID_X": 1616500.0,
        "GRID_Y": 541000.0,
        "SPACING_M": 500
      },
      "geometry": {
        "type": "Point",
        "coordinates": [
          -117.46437411489948,
          49.550374600632395
        ]
      }
    },
    {
      "type": "Feature",
      "properties": {
        "GRID_ID": 758,
        "GRID_X": 1616500.0,
        "GRID_Y": 541500.0,
        "SPACING_M": 500
      },
      "geometry": {
        "type": "Point",
        "coordinates": [
          -117.46354338273785,
          49.554839978824425
        ]
      }
    },
    {
      "type": "Feature",
      "properties": {
        "GRID_ID": 759,
        "GRID_X": 1616500.0,
        "GRID_Y": 542000.0,
        "SPACING_M": 500
      },
      "geometry": {
        "type": "Point",
        "coordinates": [
          -117.46271248964277,
          49.5593053218208
        ]
      }
    },
    {
      "type": "Feature",
      "properties": {
        "GRID_ID": 760,
        "GRID_X": 1616500.0,
        "GRID_Y": 542500.0,
        "SPACING_M": 500
      },
      "geometry": {
        "type": "Point",
        "coordinates": [
          -117.46188143556766,
          49.56377062964009
        ]
      }
    },
    {
      "type": "Feature",
      "properties": {
        "GRID_ID": 761,
        "GRID_X": 1616500.0,
        "GRID_Y": 543000.0,
        "SPACING_M": 500
      },
      "geometry": {
        "type": "Point",
        "coordinates": [
          -117.46105022046598,
          49.56823590230065
        ]
      }
    },
    {
      "type": "Feature",
      "properties": {
        "GRID_ID": 762,
        "GRID_X": 1616500.0,
        "GRID_Y": 543500.0,
        "SPACING_M": 500
      },
      "geometry": {
        "type": "Point",
        "coordinates": [
          -117.46021884429116,
          49.572701139821184
        ]
      }
    },
    {
      "type": "Feature",
      "properties": {
        "GRID_ID": 763,
        "GRID_X": 1616500.0,
        "GRID_Y": 544000.0,
        "SPACING_M": 500
      },
      "geometry": {
        "type": "Point",
        "coordinates": [
          -117.45938730699662,
          49.57716634222018
        ]
      }
    },
    {
      "type": "Feature",
      "properties": {
        "GRID_ID": 764,
        "GRID_X": 1616500.0,
        "GRID_Y": 544500.0,
        "SPACING_M": 500
      },
      "geometry": {
        "type": "Point",
        "coordinates": [
          -117.45855560853573,
          49.58163150951614
        ]
      }
    },
    {
      "type": "Feature",
      "properties": {
        "GRID_ID": 765,
        "GRID_X": 1616500.0,
        "GRID_Y": 545000.0,
        "SPACING_M": 500
      },
      "geometry": {
        "type": "Point",
        "coordinates": [
          -117.45772374886185,
          49.58609664172768
        ]
      }
    },
    {
      "type": "Feature",
      "properties": {
        "GRID_ID": 766,
        "GRID_X": 1616500.0,
        "GRID_Y": 545500.0,
        "SPACING_M": 500
      },
      "geometry": {
        "type": "Point",
        "coordinates": [
          -117.45689172792838,
          49.59056173887333
        ]
      }
    },
    {
      "type": "Feature",
      "properties": {
        "GRID_ID": 767,
        "GRID_X": 1617000.0,
        "GRID_Y": 530500.0,
        "SPACING_M": 500
      },
      "geometry": {
        "type": "Point",
        "coordinates": [
          -117.47494043856604,
          49.45605327052286
        ]
      }
    },
    {
      "type": "Feature",
      "properties": {
        "GRID_ID": 768,
        "GRID_X": 1617000.0,
        "GRID_Y": 531000.0,
        "SPACING_M": 500
      },
      "geometry": {
        "type": "Point",
        "coordinates": [
          -117.47411242363367,
          49.46051934342503
        ]
      }
    },
    {
      "type": "Feature",
      "properties": {
        "GRID_ID": 769,
        "GRID_X": 1617000.0,
        "GRID_Y": 531500.0,
        "SPACING_M": 500
      },
      "geometry": {
        "type": "Point",
        "coordinates": [
          -117.47328424861882,
          49.46498538073127
        ]
      }
    },
    {
      "type": "Feature",
      "properties": {
        "GRID_ID": 770,
        "GRID_X": 1617000.0,
        "GRID_Y": 532000.0,
        "SPACING_M": 500
      },
      "geometry": {
        "type": "Point",
        "coordinates": [
          -117.47245591347532,
          49.46945138246001
        ]
      }
    },
    {
      "type": "Feature",
      "properties": {
        "GRID_ID": 771,
        "GRID_X": 1617000.0,
        "GRID_Y": 532500.0,
        "SPACING_M": 500
      },
      "geometry": {
        "type": "Point",
        "coordinates": [
          -117.4716274181569,
          49.47391734862977
        ]
      }
    },
    {
      "type": "Feature",
      "properties": {
        "GRID_ID": 772,
        "GRID_X": 1617000.0,
        "GRID_Y": 533000.0,
        "SPACING_M": 500
      },
      "geometry": {
        "type": "Point",
        "coordinates": [
          -117.47079876261739,
          49.47838327925896
        ]
      }
    },
    {
      "type": "Feature",
      "properties": {
        "GRID_ID": 773,
        "GRID_X": 1617000.0,
        "GRID_Y": 533500.0,
        "SPACING_M": 500
      },
      "geometry": {
        "type": "Point",
        "coordinates": [
          -117.4699699468105,
          49.48284917436618
        ]
      }
    },
    {
      "type": "Feature",
      "properties": {
        "GRID_ID": 774,
        "GRID_X": 1617000.0,
        "GRID_Y": 534000.0,
        "SPACING_M": 500
      },
      "geometry": {
        "type": "Point",
        "coordinates": [
          -117.46914097068995,
          49.48731503396974
        ]
      }
    },
    {
      "type": "Feature",
      "properties": {
        "GRID_ID": 775,
        "GRID_X": 1617000.0,
        "GRID_Y": 534500.0,
        "SPACING_M": 500
      },
      "geometry": {
        "type": "Point",
        "coordinates": [
          -117.46831183420947,
          49.49178085808823
        ]
      }
    },
    {
      "type": "Feature",
      "properties": {
        "GRID_ID": 776,
        "GRID_X": 1617000.0,
        "GRID_Y": 535000.0,
        "SPACING_M": 500
      },
      "geometry": {
        "type": "Point",
        "coordinates": [
          -117.46748253732274,
          49.496246646740126
        ]
      }
    },
    {
      "type": "Feature",
      "properties": {
        "GRID_ID": 777,
        "GRID_X": 1617000.0,
        "GRID_Y": 535500.0,
        "SPACING_M": 500
      },
      "geometry": {
        "type": "Point",
        "coordinates": [
          -117.46665307998343,
          49.50071239994386
        ]
      }
    },
    {
      "type": "Feature",
      "properties": {
        "GRID_ID": 778,
        "GRID_X": 1617000.0,
        "GRID_Y": 536000.0,
        "SPACING_M": 500
      },
      "geometry": {
        "type": "Point",
        "coordinates": [
          -117.46582346214522,
          49.5051781177179
        ]
      }
    },
    {
      "type": "Feature",
      "properties": {
        "GRID_ID": 779,
        "GRID_X": 1617000.0,
        "GRID_Y": 536500.0,
        "SPACING_M": 500
      },
      "geometry": {
        "type": "Point",
        "coordinates": [
          -117.46499368376175,
          49.509643800080816
        ]
      }
    },
    {
      "type": "Feature",
      "properties": {
        "GRID_ID": 780,
        "GRID_X": 1617000.0,
        "GRID_Y": 537000.0,
        "SPACING_M": 500
      },
      "geometry": {
        "type": "Point",
        "coordinates": [
          -117.46416374478659,
          49.51410944705112
        ]
      }
    },
    {
      "type": "Feature",
      "properties": {
        "GRID_ID": 781,
        "GRID_X": 1617000.0,
        "GRID_Y": 537500.0,
        "SPACING_M": 500
      },
      "geometry": {
        "type": "Point",
        "coordinates": [
          -117.4633336451734,
          49.51857505864718
        ]
      }
    },
    {
      "type": "Feature",
      "properties": {
        "GRID_ID": 782,
        "GRID_X": 1617000.0,
        "GRID_Y": 538000.0,
        "SPACING_M": 500
      },
      "geometry": {
        "type": "Point",
        "coordinates": [
          -117.46250338487573,
          49.52304063488765
        ]
      }
    },
    {
      "type": "Feature",
      "properties": {
        "GRID_ID": 783,
        "GRID_X": 1617000.0,
        "GRID_Y": 538500.0,
        "SPACING_M": 500
      },
      "geometry": {
        "type": "Point",
        "coordinates": [
          -117.46167296384716,
          49.527506175790876
        ]
      }
    },
    {
      "type": "Feature",
      "properties": {
        "GRID_ID": 784,
        "GRID_X": 1617000.0,
        "GRID_Y": 539000.0,
        "SPACING_M": 500
      },
      "geometry": {
        "type": "Point",
        "coordinates": [
          -117.46084238204125,
          49.53197168137555
        ]
      }
    },
    {
      "type": "Feature",
      "properties": {
        "GRID_ID": 785,
        "GRID_X": 1617000.0,
        "GRID_Y": 539500.0,
        "SPACING_M": 500
      },
      "geometry": {
        "type": "Point",
        "coordinates": [
          -117.46001163941153,
          49.53643715165994
        ]
      }
    },
    {
      "type": "Feature",
      "properties": {
        "GRID_ID": 786,
        "GRID_X": 1617000.0,
        "GRID_Y": 540000.0,
        "SPACING_M": 500
      },
      "geometry": {
        "type": "Point",
        "coordinates": [
          -117.45918073591149,
          49.54090258666279
        ]
      }
    },
    {
      "type": "Feature",
      "properties": {
        "GRID_ID": 787,
        "GRID_X": 1617000.0,
        "GRID_Y": 540500.0,
        "SPACING_M": 500
      },
      "geometry": {
        "type": "Point",
        "coordinates": [
          -117.45834967149466,
          49.54536798640248
        ]
      }
    },
    {
      "type": "Feature",
      "properties": {
        "GRID_ID": 788,
        "GRID_X": 1617000.0,
        "GRID_Y": 541000.0,
        "SPACING_M": 500
      },
      "geometry": {
        "type": "Point",
        "coordinates": [
          -117.4575184461145,
          49.54983335089762
        ]
      }
    },
    {
      "type": "Feature",
      "properties": {
        "GRID_ID": 789,
        "GRID_X": 1617000.0,
        "GRID_Y": 541500.0,
        "SPACING_M": 500
      },
      "geometry": {
        "type": "Point",
        "coordinates": [
          -117.45668705972446,
          49.55429868016666
        ]
      }
    },
    {
      "type": "Feature",
      "properties": {
        "GRID_ID": 790,
        "GRID_X": 1617000.0,
        "GRID_Y": 542000.0,
        "SPACING_M": 500
      },
      "geometry": {
        "type": "Point",
        "coordinates": [
          -117.45585551227802,
          49.558763974228135
        ]
      }
    },
    {
      "type": "Feature",
      "properties": {
        "GRID_ID": 791,
        "GRID_X": 1617000.0,
        "GRID_Y": 542500.0,
        "SPACING_M": 500
      },
      "geometry": {
        "type": "Point",
        "coordinates": [
          -117.45502380372857,
          49.56322923310061
        ]
      }
    },
    {
      "type": "Feature",
      "properties": {
        "GRID_ID": 792,
        "GRID_X": 1617000.0,
        "GRID_Y": 543000.0,
        "SPACING_M": 500
      },
      "geometry": {
        "type": "Point",
        "coordinates": [
          -117.45419193402952,
          49.56769445680259
        ]
      }
    },
    {
      "type": "Feature",
      "properties": {
        "GRID_ID": 793,
        "GRID_X": 1617000.0,
        "GRID_Y": 543500.0,
        "SPACING_M": 500
      },
      "geometry": {
        "type": "Point",
        "coordinates": [
          -117.4533599031343,
          49.57215964535258
        ]
      }
    },
    {
      "type": "Feature",
      "properties": {
        "GRID_ID": 794,
        "GRID_X": 1617000.0,
        "GRID_Y": 544000.0,
        "SPACING_M": 500
      },
      "geometry": {
        "type": "Point",
        "coordinates": [
          -117.45252771099622,
          49.57662479876916
        ]
      }
    },
    {
      "type": "Feature",
      "properties": {
        "GRID_ID": 795,
        "GRID_X": 1617000.0,
        "GRID_Y": 544500.0,
        "SPACING_M": 500
      },
      "geometry": {
        "type": "Point",
        "coordinates": [
          -117.45169535756868,
          49.58108991707087
        ]
      }
    },
    {
      "type": "Feature",
      "properties": {
        "GRID_ID": 796,
        "GRID_X": 1617000.0,
        "GRID_Y": 545000.0,
        "SPACING_M": 500
      },
      "geometry": {
        "type": "Point",
        "coordinates": [
          -117.45086284280501,
          49.585555000276216
        ]
      }
    },
    {
      "type": "Feature",
      "properties": {
        "GRID_ID": 797,
        "GRID_X": 1617500.0,
        "GRID_Y": 530500.0,
        "SPACING_M": 500
      },
      "geometry": {
        "type": "Point",
        "coordinates": [
          -117.4680986402705,
          49.45551261337145
        ]
      }
    },
    {
      "type": "Feature",
      "properties": {
        "GRID_ID": 798,
        "GRID_X": 1617500.0,
        "GRID_Y": 531000.0,
        "SPACING_M": 500
      },
      "geometry": {
        "type": "Point",
        "coordinates": [
          -117.46726997373018,
          49.459978637561285
        ]
      }
    },
    {
      "type": "Feature",
      "properties": {
        "GRID_ID": 799,
        "GRID_X": 1617500.0,
        "GRID_Y": 531500.0,
        "SPACING_M": 500
      },
      "geometry": {
        "type": "Point",
        "coordinates": [
          -117.46644114698516,
          49.46444462614346
        ]
      }
    },
    {
      "type": "Feature",
      "properties": {
        "GRID_ID": 800,
        "GRID_X": 1617500.0,
        "GRID_Y": 532000.0,
        "SPACING_M": 500
      },
      "geometry": {
        "type": "Point",
        "coordinates": [
          -117.46561215998922,
          49.468910579136384
        ]
      }
    },
    {
      "type": "Feature",
      "properties": {
        "GRID_ID": 801,
        "GRID_X": 1617500.0,
        "GRID_Y": 532500.0,
        "SPACING_M": 500
      },
      "geometry": {
        "type": "Point",
        "coordinates": [
          -117.46478301269609,
          49.47337649655853
        ]
      }
    },
    {
      "type": "Feature",
      "properties": {
        "GRID_ID": 802,
        "GRID_X": 1617500.0,
        "GRID_Y": 533000.0,
        "SPACING_M": 500
      },
      "geometry": {
        "type": "Point",
        "coordinates": [
          -117.46395370505951,
          49.47784237842829
        ]
      }
    },
    {
      "type": "Feature",
      "properties": {
        "GRID_ID": 803,
        "GRID_X": 1617500.0,
        "GRID_Y": 533500.0,
        "SPACING_M": 500
      },
      "geometry": {
        "type": "Point",
        "coordinates": [
          -117.46312423703321,
          49.48230822476416
        ]
      }
    },
    {
      "type": "Feature",
      "properties": {
        "GRID_ID": 804,
        "GRID_X": 1617500.0,
        "GRID_Y": 534000.0,
        "SPACING_M": 500
      },
      "geometry": {
        "type": "Point",
        "coordinates": [
          -117.46229460857086,
          49.48677403558469
        ]
      }
    },
    {
      "type": "Feature",
      "properties": {
        "GRID_ID": 805,
        "GRID_X": 1617500.0,
        "GRID_Y": 534500.0,
        "SPACING_M": 500
      },
      "geometry": {
        "type": "Point",
        "coordinates": [
          -117.46146481962613,
          49.49123981090834
        ]
      }
    },
    {
      "type": "Feature",
      "properties": {
        "GRID_ID": 806,
        "GRID_X": 1617500.0,
        "GRID_Y": 535000.0,
        "SPACING_M": 500
      },
      "geometry": {
        "type": "Point",
        "coordinates": [
          -117.4606348701527,
          49.49570555075349
        ]
      }
    },
    {
      "type": "Feature",
      "properties": {
        "GRID_ID": 807,
        "GRID_X": 1617500.0,
        "GRID_Y": 535500.0,
        "SPACING_M": 500
      },
      "geometry": {
        "type": "Point",
        "coordinates": [
          -117.45980476010418,
          49.50017125513868
        ]
      }
    },
    {
      "type": "Feature",
      "properties": {
        "GRID_ID": 808,
        "GRID_X": 1617500.0,
        "GRID_Y": 536000.0,
        "SPACING_M": 500
      },
      "geometry": {
        "type": "Point",
        "coordinates": [
          -117.45897448943423,
          49.504636924082426
        ]
      }
    },
    {
      "type": "Feature",
      "properties": {
        "GRID_ID": 809,
        "GRID_X": 1617500.0,
        "GRID_Y": 536500.0,
        "SPACING_M": 500
      },
      "geometry": {
        "type": "Point",
        "coordinates": [
          -117.45814405809644,
          49.50910255760316
        ]
      }
    },
    {
      "type": "Feature",
      "properties": {
        "GRID_ID": 810,
        "GRID_X": 1617500.0,
        "GRID_Y": 537000.0,
        "SPACING_M": 500
      },
      "geometry": {
        "type": "Point",
        "coordinates": [
          -117.4573134660444,
          49.513568155719405
        ]
      }
    },
    {
      "type": "Feature",
      "properties": {
        "GRID_ID": 811,
        "GRID_X": 1617500.0,
        "GRID_Y": 537500.0,
        "SPACING_M": 500
      },
      "geometry": {
        "type": "Point",
        "coordinates": [
          -117.45648271323165,
          49.518033718449665
        ]
      }
    },
    {
      "type": "Feature",
      "properties": {
        "GRID_ID": 812,
        "GRID_X": 1617500.0,
        "GRID_Y": 538000.0,
        "SPACING_M": 500
      },
      "geometry": {
        "type": "Point",
        "coordinates": [
          -117.45565179961177,
          49.52249924581241
        ]
      }
    },
    {
      "type": "Feature",
      "properties": {
        "GRID_ID": 813,
        "GRID_X": 1617500.0,
        "GRID_Y": 538500.0,
        "SPACING_M": 500
      },
      "geometry": {
        "type": "Point",
        "coordinates": [
          -117.4548207251383,
          49.52696473782618
        ]
      }
    },
    {
      "type": "Feature",
      "properties": {
        "GRID_ID": 814,
        "GRID_X": 1617500.0,
        "GRID_Y": 539000.0,
        "SPACING_M": 500
      },
      "geometry": {
        "type": "Point",
        "coordinates": [
          -117.45398948976475,
          49.53143019450939
        ]
      }
    },
    {
      "type": "Feature",
      "properties": {
        "GRID_ID": 815,
        "GRID_X": 1617500.0,
        "GRID_Y": 539500.0,
        "SPACING_M": 500
      },
      "geometry": {
        "type": "Point",
        "coordinates": [
          -117.45315809344461,
          49.53589561588059
        ]
      }
    },
    {
      "type": "Feature",
      "properties": {
        "GRID_ID": 816,
        "GRID_X": 1617500.0,
        "GRID_Y": 540000.0,
        "SPACING_M": 500
      },
      "geometry": {
        "type": "Point",
        "coordinates": [
          -117.45232653613135,
          49.54036100195836
        ]
      }
    },
    {
      "type": "Feature",
      "properties": {
        "GRID_ID": 817,
        "GRID_X": 1617500.0,
        "GRID_Y": 540500.0,
        "SPACING_M": 500
      },
      "geometry": {
        "type": "Point",
        "coordinates": [
          -117.45149481777847,
          49.54482635276109
        ]
      }
    },
    {
      "type": "Feature",
      "properties": {
        "GRID_ID": 818,
        "GRID_X": 1617500.0,
        "GRID_Y": 541000.0,
        "SPACING_M": 500
      },
      "geometry": {
        "type": "Point",
        "coordinates": [
          -117.45066293833938,
          49.549291668307426
        ]
      }
    },
    {
      "type": "Feature",
      "properties": {
        "GRID_ID": 819,
        "GRID_X": 1617500.0,
        "GRID_Y": 541500.0,
        "SPACING_M": 500
      },
      "geometry": {
        "type": "Point",
        "coordinates": [
          -117.4498308977675,
          49.553756948615735
        ]
      }
    },
    {
      "type": "Feature",
      "properties": {
        "GRID_ID": 820,
        "GRID_X": 1617500.0,
        "GRID_Y": 542000.0,
        "SPACING_M": 500
      },
      "geometry": {
        "type": "Point",
        "coordinates": [
          -117.44899869601628,
          49.558222193704665
        ]
      }
    },
    {
      "type": "Feature",
      "properties": {
        "GRID_ID": 821,
        "GRID_X": 1617500.0,
        "GRID_Y": 542500.0,
        "SPACING_M": 500
      },
      "geometry": {
        "type": "Point",
        "coordinates": [
          -117.44816633303908,
          49.56268740359272
        ]
      }
    },
    {
      "type": "Feature",
      "properties": {
        "GRID_ID": 822,
        "GRID_X": 1617500.0,
        "GRID_Y": 543000.0,
        "SPACING_M": 500
      },
      "geometry": {
        "type": "Point",
        "coordinates": [
          -117.4473338087893,
          49.56715257829837
        ]
      }
    },
    {
      "type": "Feature",
      "properties": {
        "GRID_ID": 823,
        "GRID_X": 1617500.0,
        "GRID_Y": 543500.0,
        "SPACING_M": 500
      },
      "geometry": {
        "type": "Point",
        "coordinates": [
          -117.44650112322024,
          49.57161771784019
        ]
      }
    },
    {
      "type": "Feature",
      "properties": {
        "GRID_ID": 824,
        "GRID_X": 1617500.0,
        "GRID_Y": 544000.0,
        "SPACING_M": 500
      },
      "geometry": {
        "type": "Point",
        "coordinates": [
          -117.44566827628532,
          49.5760828222367
        ]
      }
    },
    {
      "type": "Feature",
      "properties": {
        "GRID_ID": 825,
        "GRID_X": 1617500.0,
        "GRID_Y": 544500.0,
        "SPACING_M": 500
      },
      "geometry": {
        "type": "Point",
        "coordinates": [
          -117.44483526793778,
          49.58054789150646
        ]
      }
    },
    {
      "type": "Feature",
      "properties": {
        "GRID_ID": 826,
        "GRID_X": 1617500.0,
        "GRID_Y": 545000.0,
        "SPACING_M": 500
      },
      "geometry": {
        "type": "Point",
        "coordinates": [
          -117.44400209813095,
          49.58501292566792
        ]
      }
    },
    {
      "type": "Feature",
      "properties": {
        "GRID_ID": 827,
        "GRID_X": 1618000.0,
        "GRID_Y": 532000.0,
        "SPACING_M": 500
      },
      "geometry": {
        "type": "Point",
        "coordinates": [
          -117.45876856680033,
          49.46836934364737
        ]
      }
    },
    {
      "type": "Feature",
      "properties": {
        "GRID_ID": 828,
        "GRID_X": 1618000.0,
        "GRID_Y": 532500.0,
        "SPACING_M": 500
      },
      "geometry": {
        "type": "Point",
        "coordinates": [
          -117.45793876757874,
          49.47283521228433
        ]
      }
    },
    {
      "type": "Feature",
      "properties": {
        "GRID_ID": 829,
        "GRID_X": 1618000.0,
        "GRID_Y": 533000.0,
        "SPACING_M": 500
      },
      "geometry": {
        "type": "Point",
        "coordinates": [
          -117.4571088078914,
          49.47730104535722
        ]
      }
    },
    {
      "type": "Feature",
      "properties": {
        "GRID_ID": 830,
        "GRID_X": 1618000.0,
        "GRID_Y": 533500.0,
        "SPACING_M": 500
      },
      "geometry": {
        "type": "Point",
        "coordinates": [
          -117.45627868769196,
          49.481766842884355
        ]
      }
    },
    {
      "type": "Feature",
      "properties": {
        "GRID_ID": 831,
        "GRID_X": 1618000.0,
        "GRID_Y": 534000.0,
        "SPACING_M": 500
      },
      "geometry": {
        "type": "Point",
        "coordinates": [
          -117.45544840693412,
          49.486232604884314
        ]
      }
    },
    {
      "type": "Feature",
      "properties": {
        "GRID_ID": 832,
        "GRID_X": 1618000.0,
        "GRID_Y": 534500.0,
        "SPACING_M": 500
      },
      "geometry": {
        "type": "Point",
        "coordinates": [
          -117.4546179655715,
          49.49069833137551
        ]
      }
    },
    {
      "type": "Feature",
      "properties": {
        "GRID_ID": 833,
        "GRID_X": 1618000.0,
        "GRID_Y": 535000.0,
        "SPACING_M": 500
      },
      "geometry": {
        "type": "Point",
        "coordinates": [
          -117.45378736355771,
          49.49516402237648
        ]
      }
    },
    {
      "type": "Feature",
      "properties": {
        "GRID_ID": 834,
        "GRID_X": 1618000.0,
        "GRID_Y": 535500.0,
        "SPACING_M": 500
      },
      "geometry": {
        "type": "Point",
        "coordinates": [
          -117.45295660084638,
          49.49962967790563
        ]
      }
    },
    {
      "type": "Feature",
      "properties": {
        "GRID_ID": 835,
        "GRID_X": 1618000.0,
        "GRID_Y": 536000.0,
        "SPACING_M": 500
      },
      "geometry": {
        "type": "Point",
        "coordinates": [
          -117.45212567739108,
          49.50409529798145
        ]
      }
    },
    {
      "type": "Feature",
      "properties": {
        "GRID_ID": 836,
        "GRID_X": 1618000.0,
        "GRID_Y": 536500.0,
        "SPACING_M": 500
      },
      "geometry": {
        "type": "Point",
        "coordinates": [
          -117.45129459314538,
          49.5085608826225
        ]
      }
    },
    {
      "type": "Feature",
      "properties": {
        "GRID_ID": 837,
        "GRID_X": 1618000.0,
        "GRID_Y": 537000.0,
        "SPACING_M": 500
      },
      "geometry": {
        "type": "Point",
        "coordinates": [
          -117.45046334806285,
          49.51302643184717
        ]
      }
    },
    {
      "type": "Feature",
      "properties": {
        "GRID_ID": 838,
        "GRID_X": 1618000.0,
        "GRID_Y": 537500.0,
        "SPACING_M": 500
      },
      "geometry": {
        "type": "Point",
        "coordinates": [
          -117.44963194209703,
          49.51749194567405
        ]
      }
    },
    {
      "type": "Feature",
      "properties": {
        "GRID_ID": 839,
        "GRID_X": 1618000.0,
        "GRID_Y": 538000.0,
        "SPACING_M": 500
      },
      "geometry": {
        "type": "Point",
        "coordinates": [
          -117.44880037520142,
          49.52195742412151
        ]
      }
    },
    {
      "type": "Feature",
      "properties": {
        "GRID_ID": 840,
        "GRID_X": 1618000.0,
        "GRID_Y": 538500.0,
        "SPACING_M": 500
      },
      "geometry": {
        "type": "Point",
        "coordinates": [
          -117.44796864732952,
          49.52642286720814
        ]
      }
    },
    {
      "type": "Feature",
      "properties": {
        "GRID_ID": 841,
        "GRID_X": 1618000.0,
        "GRID_Y": 539000.0,
        "SPACING_M": 500
      },
      "geometry": {
        "type": "Point",
        "coordinates": [
          -117.44713675843481,
          49.53088827495241
        ]
      }
    },
    {
      "type": "Feature",
      "properties": {
        "GRID_ID": 842,
        "GRID_X": 1618000.0,
        "GRID_Y": 539500.0,
        "SPACING_M": 500
      },
      "geometry": {
        "type": "Point",
        "coordinates": [
          -117.44630470847078,
          49.535353647372794
        ]
      }
    },
    {
      "type": "Feature",
      "properties": {
        "GRID_ID": 843,
        "GRID_X": 1618000.0,
        "GRID_Y": 540000.0,
        "SPACING_M": 500
      },
      "geometry": {
        "type": "Point",
        "coordinates": [
          -117.44547249739085,
          49.53981898448779
        ]
      }
    },
    {
      "type": "Feature",
      "properties": {
        "GRID_ID": 844,
        "GRID_X": 1618000.0,
        "GRID_Y": 540500.0,
        "SPACING_M": 500
      },
      "geometry": {
        "type": "Point",
        "coordinates": [
          -117.44464012514847,
          49.544284286316056
        ]
      }
    },
    {
      "type": "Feature",
      "properties": {
        "GRID_ID": 845,
        "GRID_X": 1618000.0,
        "GRID_Y": 541000.0,
        "SPACING_M": 500
      },
      "geometry": {
        "type": "Point",
        "coordinates": [
          -117.443807591697,
          49.548749552875876
        ]
      }
    },
    {
      "type": "Feature",
      "properties": {
        "GRID_ID": 846,
        "GRID_X": 1618000.0,
        "GRID_Y": 541500.0,
        "SPACING_M": 500
      },
      "geometry": {
        "type": "Point",
        "coordinates": [
          -117.44297489698991,
          49.55321478418594
        ]
      }
    },
    {
      "type": "Feature",
      "properties": {
        "GRID_ID": 847,
        "GRID_X": 1618000.0,
        "GRID_Y": 542000.0,
        "SPACING_M": 500
      },
      "geometry": {
        "type": "Point",
        "coordinates": [
          -117.4421420409805,
          49.55767998026465
        ]
      }
    },
    {
      "type": "Feature",
      "properties": {
        "GRID_ID": 848,
        "GRID_X": 1618000.0,
        "GRID_Y": 542500.0,
        "SPACING_M": 500
      },
      "geometry": {
        "type": "Point",
        "coordinates": [
          -117.4413090236222,
          49.56214514113059
        ]
      }
    },
    {
      "type": "Feature",
      "properties": {
        "GRID_ID": 849,
        "GRID_X": 1618000.0,
        "GRID_Y": 543000.0,
        "SPACING_M": 500
      },
      "geometry": {
        "type": "Point",
        "coordinates": [
          -117.44047584486829,
          49.5666102668023
        ]
      }
    },
    {
      "type": "Feature",
      "properties": {
        "GRID_ID": 850,
        "GRID_X": 1618000.0,
        "GRID_Y": 543500.0,
        "SPACING_M": 500
      },
      "geometry": {
        "type": "Point",
        "coordinates": [
          -117.43964250467211,
          49.571075357298255
        ]
      }
    },
    {
      "type": "Feature",
      "properties": {
        "GRID_ID": 851,
        "GRID_X": 1618000.0,
        "GRID_Y": 544000.0,
        "SPACING_M": 500
      },
      "geometry": {
        "type": "Point",
        "coordinates": [
          -117.43880900298697,
          49.575540412636975
        ]
      }
    },
    {
      "type": "Feature",
      "properties": {
        "GRID_ID": 852,
        "GRID_X": 1618000.0,
        "GRID_Y": 544500.0,
        "SPACING_M": 500
      },
      "geometry": {
        "type": "Point",
        "coordinates": [
          -117.43797533976614,
          49.580005432837055
        ]
      }
    },
    {
      "type": "Feature",
      "properties": {
        "GRID_ID": 853,
        "GRID_X": 1618500.0,
        "GRID_Y": 533500.0,
        "SPACING_M": 500
      },
      "geometry": {
        "type": "Point",
        "coordinates": [
          -117.44943329890916,
          49.481225028740845
        ]
      }
    },
    {
      "type": "Feature",
      "properties": {
        "GRID_ID": 854,
        "GRID_X": 1618500.0,
        "GRID_Y": 534000.0,
        "SPACING_M": 500
      },
      "geometry": {
        "type": "Point",
        "coordinates": [
          -117.44860236590218,
          49.485690741882685
        ]
      }
    },
    {
      "type": "Feature",
      "properties": {
        "GRID_ID": 855,
        "GRID_X": 1618500.0,
        "GRID_Y": 534500.0,
        "SPACING_M": 500
      },
      "geometry": {
        "type": "Point",
        "coordinates": [
          -117.44777127216801,
          49.490156419503975
        ]
      }
    },
    {
      "type": "Feature",
      "properties": {
        "GRID_ID": 856,
        "GRID_X": 1618500.0,
        "GRID_Y": 535000.0,
        "SPACING_M": 500
      },
      "geometry": {
        "type": "Point",
        "coordinates": [
          -117.44694001766028,
          49.49462206162321
        ]
      }
    },
    {
      "type": "Feature",
      "properties": {
        "GRID_ID": 857,
        "GRID_X": 1618500.0,
        "GRID_Y": 535500.0,
        "SPACING_M": 500
      },
      "geometry": {
        "type": "Point",
        "coordinates": [
          -117.44610860233253,
          49.49908766825881
        ]
      }
    },
    {
      "type": "Feature",
      "properties": {
        "GRID_ID": 858,
        "GRID_X": 1618500.0,
        "GRID_Y": 536000.0,
        "SPACING_M": 500
      },
      "geometry": {
        "type": "Point",
        "coordinates": [
          -117.4452770261383,
          49.503553239429266
        ]
      }
    },
    {
      "type": "Feature",
      "properties": {
        "GRID_ID": 859,
        "GRID_X": 1618500.0,
        "GRID_Y": 536500.0,
        "SPACING_M": 500
      },
      "geometry": {
        "type": "Point",
        "coordinates": [
          -117.44444528903117,
          49.508018775153005
        ]
      }
    },
    {
      "type": "Feature",
      "properties": {
        "GRID_ID": 860,
        "GRID_X": 1618500.0,
        "GRID_Y": 537000.0,
        "SPACING_M": 500
      },
      "geometry": {
        "type": "Point",
        "coordinates": [
          -117.44361339096463,
          49.51248427544856
        ]
      }
    },
    {
      "type": "Feature",
      "properties": {
        "GRID_ID": 861,
        "GRID_X": 1618500.0,
        "GRID_Y": 537500.0,
        "SPACING_M": 500
      },
      "geometry": {
        "type": "Point",
        "coordinates": [
          -117.4427813318922,
          49.51694974033442
        ]
      }
    },
    {
      "type": "Feature",
      "properties": {
        "GRID_ID": 862,
        "GRID_X": 1618500.0,
        "GRID_Y": 538000.0,
        "SPACING_M": 500
      },
      "geometry": {
        "type": "Point",
        "coordinates": [
          -117.44194911176736,
          49.52141516982908
        ]
      }
    },
    {
      "type": "Feature",
      "properties": {
        "GRID_ID": 863,
        "GRID_X": 1618500.0,
        "GRID_Y": 538500.0,
        "SPACING_M": 500
      },
      "geometry": {
        "type": "Point",
        "coordinates": [
          -117.44111673054354,
          49.525880563951034
        ]
      }
    },
    {
      "type": "Feature",
      "properties": {
        "GRID_ID": 864,
        "GRID_X": 1618500.0,
        "GRID_Y": 539000.0,
        "SPACING_M": 500
      },
      "geometry": {
        "type": "Point",
        "coordinates": [
          -117.44028418817423,
          49.53034592271872
        ]
      }
    },
    {
      "type": "Feature",
      "properties": {
        "GRID_ID": 865,
        "GRID_X": 1618500.0,
        "GRID_Y": 539500.0,
        "SPACING_M": 500
      },
      "geometry": {
        "type": "Point",
        "coordinates": [
          -117.43945148461283,
          49.53481124615068
        ]
      }
    },
    {
      "type": "Feature",
      "properties": {
        "GRID_ID": 866,
        "GRID_X": 1618500.0,
        "GRID_Y": 540000.0,
        "SPACING_M": 500
      },
      "geometry": {
        "type": "Point",
        "coordinates": [
          -117.43861861981281,
          49.53927653426544
        ]
      }
    },
    {
      "type": "Feature",
      "properties": {
        "GRID_ID": 867,
        "GRID_X": 1618500.0,
        "GRID_Y": 540500.0,
        "SPACING_M": 500
      },
      "geometry": {
        "type": "Point",
        "coordinates": [
          -117.4377855937275,
          49.543741787081444
        ]
      }
    },
    {
      "type": "Feature",
      "properties": {
        "GRID_ID": 868,
        "GRID_X": 1618500.0,
        "GRID_Y": 541000.0,
        "SPACING_M": 500
      },
      "geometry": {
        "type": "Point",
        "coordinates": [
          -117.4369524063103,
          49.54820700461724
        ]
      }
    },
    {
      "type": "Feature",
      "properties": {
        "GRID_ID": 869,
        "GRID_X": 1618500.0,
        "GRID_Y": 541500.0,
        "SPACING_M": 500
      },
      "geometry": {
        "type": "Point",
        "coordinates": [
          -117.43611905751457,
          49.55267218689136
        ]
      }
    },
    {
      "type": "Feature",
      "properties": {
        "GRID_ID": 870,
        "GRID_X": 1618500.0,
        "GRID_Y": 542000.0,
        "SPACING_M": 500
      },
      "geometry": {
        "type": "Point",
        "coordinates": [
          -117.43528554729367,
          49.55713733392222
        ]
      }
    },
    {
      "type": "Feature",
      "properties": {
        "GRID_ID": 871,
        "GRID_X": 1618500.0,
        "GRID_Y": 542500.0,
        "SPACING_M": 500
      },
      "geometry": {
        "type": "Point",
        "coordinates": [
          -117.4344518756009,
          49.5616024457285
        ]
      }
    },
    {
      "type": "Feature",
      "properties": {
        "GRID_ID": 872,
        "GRID_X": 1618500.0,
        "GRID_Y": 543000.0,
        "SPACING_M": 500
      },
      "geometry": {
        "type": "Point",
        "coordinates": [
          -117.43361804238954,
          49.56606752232849
        ]
      }
    },
    {
      "type": "Feature",
      "properties": {
        "GRID_ID": 873,
        "GRID_X": 1618500.0,
        "GRID_Y": 543500.0,
        "SPACING_M": 500
      },
      "geometry": {
        "type": "Point",
        "coordinates": [
          -117.43278404761291,
          49.57053256374096
        ]
      }
    },
    {
      "type": "Feature",
      "properties": {
        "GRID_ID": 874,
        "GRID_X": 1618500.0,
        "GRID_Y": 544000.0,
        "SPACING_M": 500
      },
      "geometry": {
        "type": "Point",
        "coordinates": [
          -117.43194989122429,
          49.57499756998428
        ]
      }
    },
    {
      "type": "Feature",
      "properties": {
        "GRID_ID": 875,
        "GRID_X": 1619000.0,
        "GRID_Y": 533500.0,
        "SPACING_M": 500
      },
      "geometry": {
        "type": "Point",
        "coordinates": [
          -117.44258807080712,
          49.48068278234775
        ]
      }
    },
    {
      "type": "Feature",
      "properties": {
        "GRID_ID": 876,
        "GRID_X": 1619000.0,
        "GRID_Y": 534000.0,
        "SPACING_M": 500
      },
      "geometry": {
        "type": "Point",
        "coordinates": [
          -117.4417564855974,
          49.48514844659405
        ]
      }
    },
    {
      "type": "Feature",
      "properties": {
        "GRID_ID": 877,
        "GRID_X": 1619000.0,
        "GRID_Y": 534500.0,
        "SPACING_M": 500
      },
      "geometry": {
        "type": "Point",
        "coordinates": [
          -117.44092473953813,
          49.48961407530798
        ]
      }
    },
    {
      "type": "Feature",
      "properties": {
        "GRID_ID": 878,
        "GRID_X": 1619000.0,
        "GRID_Y": 535000.0,
        "SPACING_M": 500
      },
      "geometry": {
        "type": "Point",
        "coordinates": [
          -117.44009283258286,
          49.4940796685079
        ]
      }
    },
    {
      "type": "Feature",
      "properties": {
        "GRID_ID": 879,
        "GRID_X": 1619000.0,
        "GRID_Y": 535500.0,
        "SPACING_M": 500
      },
      "geometry": {
        "type": "Point",
        "coordinates": [
          -117.43926076468513,
          49.49854522621238
        ]
      }
    },
    {
      "type": "Feature",
      "properties": {
        "GRID_ID": 880,
        "GRID_X": 1619000.0,
        "GRID_Y": 536000.0,
        "SPACING_M": 500
      },
      "geometry": {
        "type": "Point",
        "coordinates": [
          -117.43842853579845,
          49.50301074843989
        ]
      }
    },
    {
      "type": "Feature",
      "properties": {
        "GRID_ID": 881,
        "GRID_X": 1619000.0,
        "GRID_Y": 536500.0,
        "SPACING_M": 500
      },
      "geometry": {
        "type": "Point",
        "coordinates": [
          -117.43759614587636,
          49.50747623520885
        ]
      }
    },
    {
      "type": "Feature",
      "properties": {
        "GRID_ID": 882,
        "GRID_X": 1619000.0,
        "GRID_Y": 537000.0,
        "SPACING_M": 500
      },
      "geometry": {
        "type": "Point",
        "coordinates": [
          -117.43676359487232,
          49.51194168653776
        ]
      }
    },
    {
      "type": "Feature",
      "properties": {
        "GRID_ID": 883,
        "GRID_X": 1619000.0,
        "GRID_Y": 537500.0,
        "SPACING_M": 500
      },
      "geometry": {
        "type": "Point",
        "coordinates": [
          -117.43593088273978,
          49.51640710244512
        ]
      }
    },
    {
      "type": "Feature",
      "properties": {
        "GRID_ID": 884,
        "GRID_X": 1619000.0,
        "GRID_Y": 538000.0,
        "SPACING_M": 500
      },
      "geometry": {
        "type": "Point",
        "coordinates": [
          -117.43509800943224,
          49.520872482949365
        ]
      }
    },
    {
      "type": "Feature",
      "properties": {
        "GRID_ID": 885,
        "GRID_X": 1619000.0,
        "GRID_Y": 538500.0,
        "SPACING_M": 500
      },
      "geometry": {
        "type": "Point",
        "coordinates": [
          -117.43426497490304,
          49.52533782806906
        ]
      }
    },
    {
      "type": "Feature",
      "properties": {
        "GRID_ID": 886,
        "GRID_X": 1619000.0,
        "GRID_Y": 539000.0,
        "SPACING_M": 500
      },
      "geometry": {
        "type": "Point",
        "coordinates": [
          -117.4334317791057,
          49.5298031378226
        ]
      }
    },
    {
      "type": "Feature",
      "properties": {
        "GRID_ID": 887,
        "GRID_X": 1619000.0,
        "GRID_Y": 539500.0,
        "SPACING_M": 500
      },
      "geometry": {
        "type": "Point",
        "coordinates": [
          -117.43259842199357,
          49.53426841222856
        ]
      }
    },
    {
      "type": "Feature",
      "properties": {
        "GRID_ID": 888,
        "GRID_X": 1619000.0,
        "GRID_Y": 540000.0,
        "SPACING_M": 500
      },
      "geometry": {
        "type": "Point",
        "coordinates": [
          -117.43176490352005,
          49.53873365130537
        ]
      }
    },
    {
      "type": "Feature",
      "properties": {
        "GRID_ID": 889,
        "GRID_X": 1619000.0,
        "GRID_Y": 540500.0,
        "SPACING_M": 500
      },
      "geometry": {
        "type": "Point",
        "coordinates": [
          -117.43093122363842,
          49.54319885507164
        ]
      }
    },
    {
      "type": "Feature",
      "properties": {
        "GRID_ID": 890,
        "GRID_X": 1619000.0,
        "GRID_Y": 541000.0,
        "SPACING_M": 500
      },
      "geometry": {
        "type": "Point",
        "coordinates": [
          -117.43009738230214,
          49.54766402354572
        ]
      }
    },
    {
      "type": "Feature",
      "properties": {
        "GRID_ID": 891,
        "GRID_X": 1619000.0,
        "GRID_Y": 541500.0,
        "SPACING_M": 500
      },
      "geometry": {
        "type": "Point",
        "coordinates": [
          -117.42926337946443,
          49.55212915674627
        ]
      }
    },
    {
      "type": "Feature",
      "properties": {
        "GRID_ID": 892,
        "GRID_X": 1619000.0,
        "GRID_Y": 542000.0,
        "SPACING_M": 500
      },
      "geometry": {
        "type": "Point",
        "coordinates": [
          -117.42842921507867,
          49.556594254691674
        ]
      }
    },
    {
      "type": "Feature",
      "properties": {
        "GRID_ID": 893,
        "GRID_X": 1619000.0,
        "GRID_Y": 542500.0,
        "SPACING_M": 500
      },
      "geometry": {
        "type": "Point",
        "coordinates": [
          -117.42759488909813,
          49.56105931740055
        ]
      }
    },
    {
      "type": "Feature",
      "properties": {
        "GRID_ID": 894,
        "GRID_X": 1619000.0,
        "GRID_Y": 543000.0,
        "SPACING_M": 500
      },
      "geometry": {
        "type": "Point",
        "coordinates": [
          -117.42676040147606,
          49.56552434489129
        ]
      }
    },
    {
      "type": "Feature",
      "properties": {
        "GRID_ID": 895,
        "GRID_X": 1619000.0,
        "GRID_Y": 543500.0,
        "SPACING_M": 500
      },
      "geometry": {
        "type": "Point",
        "coordinates": [
          -117.42592575216572,
          49.5699893371826
        ]
      }
    },
    {
      "type": "Feature",
      "properties": {
        "GRID_ID": 896,
        "GRID_X": 1619500.0,
        "GRID_Y": 533500.0,
        "SPACING_M": 500
      },
      "geometry": {
        "type": "Point",
        "coordinates": [
          -117.43574300350821,
          49.48014010371922
        ]
      }
    },
    {
      "type": "Feature",
      "properties": {
        "GRID_ID": 897,
        "GRID_X": 1619500.0,
        "GRID_Y": 534000.0,
        "SPACING_M": 500
      },
      "geometry": {
        "type": "Point",
        "coordinates": [
          -117.43491076614217,
          49.48460571903247
        ]
      }
    },
    {
      "type": "Feature",
      "properties": {
        "GRID_ID": 898,
        "GRID_X": 1619500.0,
        "GRID_Y": 534500.0,
        "SPACING_M": 500
      },
      "geometry": {
        "type": "Point",
        "coordinates": [
          -117.43407836780422,
          49.489071298801456
        ]
      }
    },
    {
      "type": "Feature",
      "properties": {
        "GRID_ID": 899,
        "GRID_X": 1619500.0,
        "GRID_Y": 535000.0,
        "SPACING_M": 500
      },
      "geometry": {
        "type": "Point",
        "coordinates": [
          -117.4332458084479,
          49.49353684304469
        ]
      }
    },
    {
      "type": "Feature",
      "properties": {
        "GRID_ID": 900,
        "GRID_X": 1619500.0,
        "GRID_Y": 535500.0,
        "SPACING_M": 500
      },
      "geometry": {
        "type": "Point",
        "coordinates": [
          -117.43241308802666,
          49.49800235178051
        ]
      }
    },
    {
      "type": "Feature",
      "properties": {
        "GRID_ID": 901,
        "GRID_X": 1619500.0,
        "GRID_Y": 536000.0,
        "SPACING_M": 500
      },
      "geometry": {
        "type": "Point",
        "coordinates": [
          -117.43158020649403,
          49.502467825027566
        ]
      }
    },
    {
      "type": "Feature",
      "properties": {
        "GRID_ID": 902,
        "GRID_X": 1619500.0,
        "GRID_Y": 536500.0,
        "SPACING_M": 500
      },
      "geometry": {
        "type": "Point",
        "coordinates": [
          -117.43074716380347,
          49.50693326280418
        ]
      }
    },
    {
      "type": "Feature",
      "properties": {
        "GRID_ID": 903,
        "GRID_X": 1619500.0,
        "GRID_Y": 537000.0,
        "SPACING_M": 500
      },
      "geometry": {
        "type": "Point",
        "coordinates": [
          -117.42991395990846,
          49.51139866512887
        ]
      }
    },
    {
      "type": "Feature",
      "properties": {
        "GRID_ID": 904,
        "GRID_X": 1619500.0,
        "GRID_Y": 537500.0,
        "SPACING_M": 500
      },
      "geometry": {
        "type": "Point",
        "coordinates": [
          -117.42908059476238,
          49.51586403202018
        ]
      }
    },
    {
      "type": "Feature",
      "properties": {
        "GRID_ID": 905,
        "GRID_X": 1619500.0,
        "GRID_Y": 538000.0,
        "SPACING_M": 500
      },
      "geometry": {
        "type": "Point",
        "coordinates": [
          -117.42824706831868,
          49.520329363496465
        ]
      }
    },
    {
      "type": "Feature",
      "properties": {
        "GRID_ID": 906,
        "GRID_X": 1619500.0,
        "GRID_Y": 538500.0,
        "SPACING_M": 500
      },
      "geometry": {
        "type": "Point",
        "coordinates": [
          -117.42741338053077,
          49.52479465957631
        ]
      }
    },
    {
      "type": "Feature",
      "properties": {
        "GRID_ID": 907,
        "GRID_X": 1619500.0,
        "GRID_Y": 539000.0,
        "SPACING_M": 500
      },
      "geometry": {
        "type": "Point",
        "coordinates": [
          -117.42657953135198,
          49.529259920278164
        ]
      }
    },
    {
      "type": "Feature",
      "properties": {
        "GRID_ID": 908,
        "GRID_X": 1619500.0,
        "GRID_Y": 539500.0,
        "SPACING_M": 500
      },
      "geometry": {
        "type": "Point",
        "coordinates": [
          -117.42574552073572,
          49.5337251456205
        ]
      }
    },
    {
      "type": "Feature",
      "properties": {
        "GRID_ID": 909,
        "GRID_X": 1619500.0,
        "GRID_Y": 540000.0,
        "SPACING_M": 500
      },
      "geometry": {
        "type": "Point",
        "coordinates": [
          -117.4249113486353,
          49.53819033562184
        ]
      }
    },
    {
      "type": "Feature",
      "properties": {
        "GRID_ID": 910,
        "GRID_X": 1619500.0,
        "GRID_Y": 540500.0,
        "SPACING_M": 500
      },
      "geometry": {
        "type": "Point",
        "coordinates": [
          -117.42407701500406,
          49.542655490300724
        ]
      }
    },
    {
      "type": "Feature",
      "properties": {
        "GRID_ID": 911,
        "GRID_X": 1619500.0,
        "GRID_Y": 541000.0,
        "SPACING_M": 500
      },
      "geometry": {
        "type": "Point",
        "coordinates": [
          -117.42324251979535,
          49.54712060967553
        ]
      }
    },
    {
      "type": "Feature",
      "properties": {
        "GRID_ID": 912,
        "GRID_X": 1619500.0,
        "GRID_Y": 541500.0,
        "SPACING_M": 500
      },
      "geometry": {
        "type": "Point",
        "coordinates": [
          -117.4224078629624,
          49.551585693764885
        ]
      }
    },
    {
      "type": "Feature",
      "properties": {
        "GRID_ID": 913,
        "GRID_X": 1619500.0,
        "GRID_Y": 542000.0,
        "SPACING_M": 500
      },
      "geometry": {
        "type": "Point",
        "coordinates": [
          -117.42157304445848,
          49.55605074258717
        ]
      }
    },
    {
      "type": "Feature",
      "properties": {
        "GRID_ID": 914,
        "GRID_X": 1619500.0,
        "GRID_Y": 542500.0,
        "SPACING_M": 500
      },
      "geometry": {
        "type": "Point",
        "coordinates": [
          -117.42073806423689,
          49.56051575616105
        ]
      }
    },
    {
      "type": "Feature",
      "properties": {
        "GRID_ID": 915,
        "GRID_X": 1619500.0,
        "GRID_Y": 543000.0,
        "SPACING_M": 500
      },
      "geometry": {
        "type": "Point",
        "coordinates": [
          -117.41990292225086,
          49.564980734504914
        ]
      }
    },
    {
      "type": "Feature",
      "properties": {
        "GRID_ID": 916,
        "GRID_X": 1620000.0,
        "GRID_Y": 533500.0,
        "SPACING_M": 500
      },
      "geometry": {
        "type": "Point",
        "coordinates": [
          -117.42889809713475,
          49.4795969928694
        ]
      }
    },
    {
      "type": "Feature",
      "properties": {
        "GRID_ID": 917,
        "GRID_X": 1620000.0,
        "GRID_Y": 534000.0,
        "SPACING_M": 500
      },
      "geometry": {
        "type": "Point",
        "coordinates": [
          -117.42806520765885,
          49.48406255921213
        ]
      }
    },
    {
      "type": "Feature",
      "properties": {
        "GRID_ID": 918,
        "GRID_X": 1620000.0,
        "GRID_Y": 534500.0,
        "SPACING_M": 500
      },
      "geometry": {
        "type": "Point",
        "coordinates": [
          -117.42723215708871,
          49.488528089998766
        ]
      }
    },
    {
      "type": "Feature",
      "properties": {
        "GRID_ID": 919,
        "GRID_X": 1620000.0,
        "GRID_Y": 535000.0,
        "SPACING_M": 500
      },
      "geometry": {
        "type": "Point",
        "coordinates": [
          -117.4263989453778,
          49.49299358524772
        ]
      }
    },
    {
      "type": "Feature",
      "properties": {
        "GRID_ID": 920,
        "GRID_X": 1620000.0,
        "GRID_Y": 535500.0,
        "SPACING_M": 500
      },
      "geometry": {
        "type": "Point",
        "coordinates": [
          -117.42556557247958,
          49.49745904497746
        ]
      }
    },
    {
      "type": "Feature",
      "properties": {
        "GRID_ID": 921,
        "GRID_X": 1620000.0,
        "GRID_Y": 536000.0,
        "SPACING_M": 500
      },
      "geometry": {
        "type": "Point",
        "coordinates": [
          -117.42473203834754,
          49.50192446920649
        ]
      }
    },
    {
      "type": "Feature",
      "properties": {
        "GRID_ID": 922,
        "GRID_X": 1620000.0,
        "GRID_Y": 536500.0,
        "SPACING_M": 500
      },
      "geometry": {
        "type": "Point",
        "coordinates": [
          -117.42389834293508,
          49.50638985795323
        ]
      }
    },
    {
      "type": "Feature",
      "properties": {
        "GRID_ID": 923,
        "GRID_X": 1620000.0,
        "GRID_Y": 537000.0,
        "SPACING_M": 500
      },
      "geometry": {
        "type": "Point",
        "coordinates": [
          -117.42306448619564,
          49.5108552112362
        ]
      }
    },
    {
      "type": "Feature",
      "properties": {
        "GRID_ID": 924,
        "GRID_X": 1620000.0,
        "GRID_Y": 537500.0,
        "SPACING_M": 500
      },
      "geometry": {
        "type": "Point",
        "coordinates": [
          -117.42223046808263,
          49.51532052907384
        ]
      }
    },
    {
      "type": "Feature",
      "properties": {
        "GRID_ID": 925,
        "GRID_X": 1620000.0,
        "GRID_Y": 538000.0,
        "SPACING_M": 500
      },
      "geometry": {
        "type": "Point",
        "coordinates": [
          -117.42139628854939,
          49.519785811484645
        ]
      }
    },
    {
      "type": "Feature",
      "properties": {
        "GRID_ID": 926,
        "GRID_X": 1620000.0,
        "GRID_Y": 538500.0,
        "SPACING_M": 500
      },
      "geometry": {
        "type": "Point",
        "coordinates": [
          -117.4205619475493,
          49.52425105848706
        ]
      }
    },
    {
      "type": "Feature",
      "properties": {
        "GRID_ID": 927,
        "GRID_X": 1620000.0,
        "GRID_Y": 539000.0,
        "SPACING_M": 500
      },
      "geometry": {
        "type": "Point",
        "coordinates": [
          -117.41972744503575,
          49.52871627009967
        ]
      }
    },
    {
      "type": "Feature",
      "properties": {
        "GRID_ID": 928,
        "GRID_X": 1620000.0,
        "GRID_Y": 539500.0,
        "SPACING_M": 500
      },
      "geometry": {
        "type": "Point",
        "coordinates": [
          -117.418892780962,
          49.53318144634079
        ]
      }
    },
    {
      "type": "Feature",
      "properties": {
        "GRID_ID": 929,
        "GRID_X": 1620000.0,
        "GRID_Y": 540000.0,
        "SPACING_M": 500
      },
      "geometry": {
        "type": "Point",
        "coordinates": [
          -117.41805795528138,
          49.53764658722909
        ]
      }
    },
    {
      "type": "Feature",
      "properties": {
        "GRID_ID": 930,
        "GRID_X": 1620000.0,
        "GRID_Y": 540500.0,
        "SPACING_M": 500
      },
      "geometry": {
        "type": "Point",
        "coordinates": [
          -117.41722296794723,
          49.54211169278299
        ]
      }
    },
    {
      "type": "Feature",
      "properties": {
        "GRID_ID": 931,
        "GRID_X": 1620000.0,
        "GRID_Y": 541000.0,
        "SPACING_M": 500
      },
      "geometry": {
        "type": "Point",
        "coordinates": [
          -117.41638781891277,
          49.5465767630209
        ]
      }
    },
    {
      "type": "Feature",
      "properties": {
        "GRID_ID": 932,
        "GRID_X": 1620000.0,
        "GRID_Y": 541500.0,
        "SPACING_M": 500
      },
      "geometry": {
        "type": "Point",
        "coordinates": [
          -117.41555250813126,
          49.5510417979614
        ]
      }
    },
    {
      "type": "Feature",
      "properties": {
        "GRID_ID": 933,
        "GRID_X": 1620000.0,
        "GRID_Y": 542000.0,
        "SPACING_M": 500
      },
      "geometry": {
        "type": "Point",
        "coordinates": [
          -117.41471703555598,
          49.55550679762303
        ]
      }
    },
    {
      "type": "Feature",
      "properties": {
        "GRID_ID": 934,
        "GRID_X": 1620000.0,
        "GRID_Y": 542500.0,
        "SPACING_M": 500
      },
      "geometry": {
        "type": "Point",
        "coordinates": [
          -117.4138814011401,
          49.55997176202426
        ]
      }
    },
    {
      "type": "Feature",
      "properties": {
        "GRID_ID": 935,
        "GRID_X": 1620500.0,
        "GRID_Y": 534000.0,
        "SPACING_M": 500
      },
      "geometry": {
        "type": "Point",
        "coordinates": [
          -117.4212198102698,
          49.483518967147226
        ]
      }
    },
    {
      "type": "Feature",
      "properties": {
        "GRID_ID": 936,
        "GRID_X": 1620500.0,
        "GRID_Y": 534500.0,
        "SPACING_M": 500
      },
      "geometry": {
        "type": "Point",
        "coordinates": [
          -117.42038610751396,
          49.48798444891398
        ]
      }
    },
    {
      "type": "Feature",
      "properties": {
        "GRID_ID": 937,
        "GRID_X": 1620500.0,
        "GRID_Y": 535000.0,
        "SPACING_M": 500
      },
      "geometry": {
        "type": "Point",
        "coordinates": [
          -117.419552243495,
          49.49244989513115
        ]
      }
    },
    {
      "type": "Feature",
      "properties": {
        "GRID_ID": 938,
        "GRID_X": 1620500.0,
        "GRID_Y": 535500.0,
        "SPACING_M": 500
      },
      "geometry": {
        "type": "Point",
        "coordinates": [
          -117.41871821816638,
          49.49691530581726
        ]
      }
    },
    {
      "type": "Feature",
      "properties": {
        "GRID_ID": 939,
        "GRID_X": 1620500.0,
        "GRID_Y": 536000.0,
        "SPACING_M": 500
      },
      "geometry": {
        "type": "Point",
        "coordinates": [
          -117.41788403148146,
          49.5013806809908
        ]
      }
    },
    {
      "type": "Feature",
      "properties": {
        "GRID_ID": 940,
        "GRID_X": 1620500.0,
        "GRID_Y": 536500.0,
        "SPACING_M": 500
      },
      "geometry": {
        "type": "Point",
        "coordinates": [
          -117.41704968339369,
          49.50584602067022
        ]
      }
    },
    {
      "type": "Feature",
      "properties": {
        "GRID_ID": 941,
        "GRID_X": 1620500.0,
        "GRID_Y": 537000.0,
        "SPACING_M": 500
      },
      "geometry": {
        "type": "Point",
        "coordinates": [
          -117.41621517385644,
          49.510311324873825
        ]
      }
    },
    {
      "type": "Feature",
      "properties": {
        "GRID_ID": 942,
        "GRID_X": 1620500.0,
        "GRID_Y": 537500.0,
        "SPACING_M": 500
      },
      "geometry": {
        "type": "Point",
        "coordinates": [
          -117.41538050282306,
          49.51477659362036
        ]
      }
    },
    {
      "type": "Feature",
      "properties": {
        "GRID_ID": 943,
        "GRID_X": 1620500.0,
        "GRID_Y": 538000.0,
        "SPACING_M": 500
      },
      "geometry": {
        "type": "Point",
        "coordinates": [
          -117.41454567024692,
          49.51924182692812
        ]
      }
    },
    {
      "type": "Feature",
      "properties": {
        "GRID_ID": 944,
        "GRID_X": 1620500.0,
        "GRID_Y": 538500.0,
        "SPACING_M": 500
      },
      "geometry": {
        "type": "Point",
        "coordinates": [
          -117.41371067608134,
          49.52370702481561
        ]
      }
    },
    {
      "type": "Feature",
      "properties": {
        "GRID_ID": 945,
        "GRID_X": 1620500.0,
        "GRID_Y": 539000.0,
        "SPACING_M": 500
      },
      "geometry": {
        "type": "Point",
        "coordinates": [
          -117.41287552027966,
          49.52817218730133
        ]
      }
    },
    {
      "type": "Feature",
      "properties": {
        "GRID_ID": 946,
        "GRID_X": 1620500.0,
        "GRID_Y": 539500.0,
        "SPACING_M": 500
      },
      "geometry": {
        "type": "Point",
        "coordinates": [
          -117.41204020279511,
          49.53263731440368
        ]
      }
    },
    {
      "type": "Feature",
      "properties": {
        "GRID_ID": 947,
        "GRID_X": 1620500.0,
        "GRID_Y": 540000.0,
        "SPACING_M": 500
      },
      "geometry": {
        "type": "Point",
        "coordinates": [
          -117.41120472358102,
          49.53710240614136
        ]
      }
    },
    {
      "type": "Feature",
      "properties": {
        "GRID_ID": 948,
        "GRID_X": 1620500.0,
        "GRID_Y": 540500.0,
        "SPACING_M": 500
      },
      "geometry": {
        "type": "Point",
        "coordinates": [
          -117.41036908259065,
          49.54156746253261
        ]
      }
    },
    {
      "type": "Feature",
      "properties": {
        "GRID_ID": 949,
        "GRID_X": 1620500.0,
        "GRID_Y": 541000.0,
        "SPACING_M": 500
      },
      "geometry": {
        "type": "Point",
        "coordinates": [
          -117.4095332797772,
          49.546032483596036
        ]
      }
    },
    {
      "type": "Feature",
      "properties": {
        "GRID_ID": 950,
        "GRID_X": 1620500.0,
        "GRID_Y": 541500.0,
        "SPACING_M": 500
      },
      "geometry": {
        "type": "Point",
        "coordinates": [
          -117.40869731509393,
          49.55049746935019
        ]
      }
    },
    {
      "type": "Feature",
      "properties": {
        "GRID_ID": 951,
        "GRID_X": 1620500.0,
        "GRID_Y": 542000.0,
        "SPACING_M": 500
      },
      "geometry": {
        "type": "Point",
        "coordinates": [
          -117.40786118849404,
          49.5549624198134
        ]
      }
    },
    {
      "type": "Feature",
      "properties": {
        "GRID_ID": 952,
        "GRID_X": 1620500.0,
        "GRID_Y": 542500.0,
        "SPACING_M": 500
      },
      "geometry": {
        "type": "Point",
        "coordinates": [
          -117.40702489993069,
          49.559427335004386
        ]
      }
    },
    {
      "type": "Feature",
      "properties": {
        "GRID_ID": 953,
        "GRID_X": 1621000.0,
        "GRID_Y": 534000.0,
        "SPACING_M": 500
      },
      "geometry": {
        "type": "Point",
        "coordinates": [
          -117.41437457409728,
          49.48297494285192
        ]
      }
    },
    {
      "type": "Feature",
      "properties": {
        "GRID_ID": 954,
        "GRID_X": 1621000.0,
        "GRID_Y": 534500.0,
        "SPACING_M": 500
      },
      "geometry": {
        "type": "Point",
        "coordinates": [
          -117.41354021920233,
          49.48744037556129
        ]
      }
    },
    {
      "type": "Feature",
      "properties": {
        "GRID_ID": 955,
        "GRID_X": 1621000.0,
        "GRID_Y": 535000.0,
        "SPACING_M": 500
      },
      "geometry": {
        "type": "Point",
        "coordinates": [
          -117.41270570292191,
          49.491905772709245
        ]
      }
    },
    {
      "type": "Feature",
      "properties": {
        "GRID_ID": 956,
        "GRID_X": 1621000.0,
        "GRID_Y": 535500.0,
        "SPACING_M": 500
      },
      "geometry": {
        "type": "Point",
        "coordinates": [
          -117.4118710252094,
          49.4963711343142
        ]
      }
    },
    {
      "type": "Feature",
      "properties": {
        "GRID_ID": 957,
        "GRID_X": 1621000.0,
        "GRID_Y": 536000.0,
        "SPACING_M": 500
      },
      "geometry": {
        "type": "Point",
        "coordinates": [
          -117.41103618601822,
          49.500836460394765
        ]
      }
    },
    {
      "type": "Feature",
      "properties": {
        "GRID_ID": 958,
        "GRID_X": 1621000.0,
        "GRID_Y": 536500.0,
        "SPACING_M": 500
      },
      "geometry": {
        "type": "Point",
        "coordinates": [
          -117.41020118530174,
          49.50530175096922
        ]
      }
    },
    {
      "type": "Feature",
      "properties": {
        "GRID_ID": 959,
        "GRID_X": 1621000.0,
        "GRID_Y": 537000.0,
        "SPACING_M": 500
      },
      "geometry": {
        "type": "Point",
        "coordinates": [
          -117.4093660230133,
          49.50976700605611
        ]
      }
    },
    {
      "type": "Feature",
      "properties": {
        "GRID_ID": 960,
        "GRID_X": 1621000.0,
        "GRID_Y": 537500.0,
        "SPACING_M": 500
      },
      "geometry": {
        "type": "Point",
        "coordinates": [
          -117.40853069910627,
          49.514232225673894
        ]
      }
    },
    {
      "type": "Feature",
      "properties": {
        "GRID_ID": 961,
        "GRID_X": 1621000.0,
        "GRID_Y": 538000.0,
        "SPACING_M": 500
      },
      "geometry": {
        "type": "Point",
        "coordinates": [
          -117.40769521353388,
          49.51869740984101
        ]
      }
    },
    {
      "type": "Feature",
      "properties": {
        "GRID_ID": 962,
        "GRID_X": 1621000.0,
        "GRID_Y": 538500.0,
        "SPACING_M": 500
      },
      "geometry": {
        "type": "Point",
        "coordinates": [
          -117.40685956624951,
          49.523162558576075
        ]
      }
    },
    {
      "type": "Feature",
      "properties": {
        "GRID_ID": 963,
        "GRID_X": 1621000.0,
        "GRID_Y": 539000.0,
        "SPACING_M": 500
      },
      "geometry": {
        "type": "Point",
        "coordinates": [
          -117.40602375720641,
          49.527627671897314
        ]
      }
    },
    {
      "type": "Feature",
      "properties": {
        "GRID_ID": 964,
        "GRID_X": 1621000.0,
        "GRID_Y": 539500.0,
        "SPACING_M": 500
      },
      "geometry": {
        "type": "Point",
        "coordinates": [
          -117.4051877863578,
          49.5320927498234
        ]
      }
    },
    {
      "type": "Feature",
      "properties": {
        "GRID_ID": 965,
        "GRID_X": 1621000.0,
        "GRID_Y": 540000.0,
        "SPACING_M": 500
      },
      "geometry": {
        "type": "Point",
        "coordinates": [
          -117.40435165365696,
          49.536557792372804
        ]
      }
    },
    {
      "type": "Feature",
      "properties": {
        "GRID_ID": 966,
        "GRID_X": 1621000.0,
        "GRID_Y": 540500.0,
        "SPACING_M": 500
      },
      "geometry": {
        "type": "Point",
        "coordinates": [
          -117.40351535905712,
          49.541022799563905
        ]
      }
    },
    {
      "type": "Feature",
      "properties": {
        "GRID_ID": 967,
        "GRID_X": 1621000.0,
        "GRID_Y": 541000.0,
        "SPACING_M": 500
      },
      "geometry": {
        "type": "Point",
        "coordinates": [
          -117.40267890251148,
          49.54548777141522
        ]
      }
    },
    {
      "type": "Feature",
      "properties": {
        "GRID_ID": 968,
        "GRID_X": 1621000.0,
        "GRID_Y": 541500.0,
        "SPACING_M": 500
      },
      "geometry": {
        "type": "Point",
        "coordinates": [
          -117.40184228397324,
          49.54995270794533
        ]
      }
    },
    {
      "type": "Feature",
      "properties": {
        "GRID_ID": 969,
        "GRID_X": 1621000.0,
        "GRID_Y": 542000.0,
        "SPACING_M": 500
      },
      "geometry": {
        "type": "Point",
        "coordinates": [
          -117.40100550339552,
          49.554417609172695
        ]
      }
    },
    {
      "type": "Feature",
      "properties": {
        "GRID_ID": 970,
        "GRID_X": 1621500.0,
        "GRID_Y": 534500.0,
        "SPACING_M": 500
      },
      "geometry": {
        "type": "Point",
        "coordinates": [
          -117.40669449227616,
          49.48689586995487
        ]
      }
    },
    {
      "type": "Feature",
      "properties": {
        "GRID_ID": 971,
        "GRID_X": 1621500.0,
        "GRID_Y": 535000.0,
        "SPACING_M": 500
      },
      "geometry": {
        "type": "Point",
        "coordinates": [
          -117.40585932378083,
          49.49136121799613
        ]
      }
    },
    {
      "type": "Feature",
      "properties": {
        "GRID_ID": 972,
        "GRID_X": 1621500.0,
        "GRID_Y": 535500.0,
        "SPACING_M": 500
      },
      "geometry": {
        "type": "Point",
        "coordinates": [
          -117.40502399373109,
          49.495826530482546
        ]
      }
    },
    {
      "type": "Feature",
      "properties": {
        "GRID_ID": 973,
        "GRID_X": 1621500.0,
        "GRID_Y": 536000.0,
        "SPACING_M": 500
      },
      "geometry": {
        "type": "Point",
        "coordinates": [
          -117.4041885020803,
          49.50029180743251
        ]
      }
    },
    {
      "type": "Feature",
      "properties": {
        "GRID_ID": 974,
        "GRID_X": 1621500.0,
        "GRID_Y": 536500.0,
        "SPACING_M": 500
      },
      "geometry": {
        "type": "Point",
        "coordinates": [
          -117.40335284878178,
          49.50475704886454
        ]
      }
    },
    {
      "type": "Feature",
      "properties": {
        "GRID_ID": 975,
        "GRID_X": 1621500.0,
        "GRID_Y": 537000.0,
        "SPACING_M": 500
      },
      "geometry": {
        "type": "Point",
        "coordinates": [
          -117.40251703378884,
          49.509222254797166
        ]
      }
    },
    {
      "type": "Feature",
      "properties": {
        "GRID_ID": 976,
        "GRID_X": 1621500.0,
        "GRID_Y": 537500.0,
        "SPACING_M": 500
      },
      "geometry": {
        "type": "Point",
        "coordinates": [
          -117.40168105705477,
          49.51368742524871
        ]
      }
    },
    {
      "type": "Feature",
      "properties": {
        "GRID_ID": 977,
        "GRID_X": 1621500.0,
        "GRID_Y": 538000.0,
        "SPACING_M": 500
      },
      "geometry": {
        "type": "Point",
        "coordinates": [
          -117.40084491853287,
          49.51815256023767
        ]
      }
    },
    {
      "type": "Feature",
      "properties": {
        "GRID_ID": 978,
        "GRID_X": 1621500.0,
        "GRID_Y": 538500.0,
        "SPACING_M": 500
      },
      "geometry": {
        "type": "Point",
        "coordinates": [
          -117.4000086181764,
          49.522617659782625
        ]
      }
    },
    {
      "type": "Feature",
      "properties": {
        "GRID_ID": 979,
        "GRID_X": 1621500.0,
        "GRID_Y": 539000.0,
        "SPACING_M": 500
      },
      "geometry": {
        "type": "Point",
        "coordinates": [
          -117.39917215593861,
          49.52708272390198
        ]
      }
    },
    {
      "type": "Feature",
      "properties": {
        "GRID_ID": 980,
        "GRID_X": 1621500.0,
        "GRID_Y": 539500.0,
        "SPACING_M": 500
      },
      "geometry": {
        "type": "Point",
        "coordinates": [
          -117.39833553177272,
          49.53154775261419
        ]
      }
    },
    {
      "type": "Feature",
      "properties": {
        "GRID_ID": 981,
        "GRID_X": 1621500.0,
        "GRID_Y": 540000.0,
        "SPACING_M": 500
      },
      "geometry": {
        "type": "Point",
        "coordinates": [
          -117.39749874563192,
          49.53601274593768
        ]
      }
    },
    {
      "type": "Feature",
      "properties": {
        "GRID_ID": 982,
        "GRID_X": 1621500.0,
        "GRID_Y": 540500.0,
        "SPACING_M": 500
      },
      "geometry": {
        "type": "Point",
        "coordinates": [
          -117.3966617974694,
          49.54047770389106
        ]
      }
    },
    {
      "type": "Feature",
      "properties": {
        "GRID_ID": 983,
        "GRID_X": 1621500.0,
        "GRID_Y": 541000.0,
        "SPACING_M": 500
      },
      "geometry": {
        "type": "Point",
        "coordinates": [
          -117.39582468723837,
          49.54494262649275
        ]
      }
    },
    {
      "type": "Feature",
      "properties": {
        "GRID_ID": 984,
        "GRID_X": 1621500.0,
        "GRID_Y": 541500.0,
        "SPACING_M": 500
      },
      "geometry": {
        "type": "Point",
        "coordinates": [
          -117.39498741489199,
          49.54940751376119
        ]
      }
    },
    {
      "type": "Feature",
      "properties": {
        "GRID_ID": 985,
        "GRID_X": 1622000.0,
        "GRID_Y": 534500.0,
        "SPACING_M": 500
      },
      "geometry": {
        "type": "Point",
        "coordinates": [
          -117.39984892685777,
          49.4863509321091
        ]
      }
    },
    {
      "type": "Feature",
      "properties": {
        "GRID_ID": 986,
        "GRID_X": 1622000.0,
        "GRID_Y": 535000.0,
        "SPACING_M": 500
      },
      "geometry": {
        "type": "Point",
        "coordinates": [
          -117.3990131061942,
          49.49081623100606
        ]
      }
    },
    {
      "type": "Feature",
      "properties": {
        "GRID_ID": 987,
        "GRID_X": 1622000.0,
        "GRID_Y": 535500.0,
        "SPACING_M": 500
      },
      "geometry": {
        "type": "Point",
        "coordinates": [
          -117.39817712385387,
          49.49528149433632
        ]
      }
    },
    {
      "type": "Feature",
      "properties": {
        "GRID_ID": 988,
        "GRID_X": 1622000.0,
        "GRID_Y": 536000.0,
        "SPACING_M": 500
      },
      "geometry": {
        "type": "Point",
        "coordinates": [
          -117.39734097979012,
          49.49974672211832
        ]
      }
    },
    {
      "type": "Feature",
      "properties": {
        "GRID_ID": 989,
        "GRID_X": 1622000.0,
        "GRID_Y": 536500.0,
        "SPACING_M": 500
      },
      "geometry": {
        "type": "Point",
        "coordinates": [
          -117.39650467395622,
          49.50421191437043
        ]
      }
    },
    {
      "type": "Feature",
      "properties": {
        "GRID_ID": 990,
        "GRID_X": 1622000.0,
        "GRID_Y": 537000.0,
        "SPACING_M": 500
      },
      "geometry": {
        "type": "Point",
        "coordinates": [
          -117.39566820630546,
          49.50867707111115
        ]
      }
    },
    {
      "type": "Feature",
      "properties": {
        "GRID_ID": 991,
        "GRID_X": 1622000.0,
        "GRID_Y": 537500.0,
        "SPACING_M": 500
      },
      "geometry": {
        "type": "Point",
        "coordinates": [
          -117.39483157679112,
          49.51314219235902
        ]
      }
    },
    {
      "type": "Feature",
      "properties": {
        "GRID_ID": 992,
        "GRID_X": 1622000.0,
        "GRID_Y": 538000.0,
        "SPACING_M": 500
      },
      "geometry": {
        "type": "Point",
        "coordinates": [
          -117.39399478536644,
          49.517607278132324
        ]
      }
    },
    {
      "type": "Feature",
      "properties": {
        "GRID_ID": 993,
        "GRID_X": 1622000.0,
        "GRID_Y": 538500.0,
        "SPACING_M": 500
      },
      "geometry": {
        "type": "Point",
        "coordinates": [
          -117.39315783198462,
          49.52207232844964
        ]
      }
    },
    {
      "type": "Feature",
      "properties": {
        "GRID_ID": 994,
        "GRID_X": 1622000.0,
        "GRID_Y": 539000.0,
        "SPACING_M": 500
      },
      "geometry": {
        "type": "Point",
        "coordinates": [
          -117.39232071659893,
          49.526537343329444
        ]
      }
    },
    {
      "type": "Feature",
      "properties": {
        "GRID_ID": 995,
        "GRID_X": 1622000.0,
        "GRID_Y": 539500.0,
        "SPACING_M": 500
      },
      "geometry": {
        "type": "Point",
        "coordinates": [
          -117.3914834391625,
          49.53100232279019
        ]
      }
    },
    {
      "type": "Feature",
      "properties": {
        "GRID_ID": 996,
        "GRID_X": 1622000.0,
        "GRID_Y": 540000.0,
        "SPACING_M": 500
      },
      "geometry": {
        "type": "Point",
        "coordinates": [
          -117.39064599962857,
          49.535467266850354
        ]
      }
    },
    {
      "type": "Feature",
      "properties": {
        "GRID_ID": 997,
        "GRID_X": 1622000.0,
        "GRID_Y": 540500.0,
        "SPACING_M": 500
      },
      "geometry": {
        "type": "Point",
        "coordinates": [
          -117.38980839795022,
          49.53993217552841
        ]
      }
    },
    {
      "type": "Feature",
      "properties": {
        "GRID_ID": 998,
        "GRID_X": 1622000.0,
        "GRID_Y": 541000.0,
        "SPACING_M": 500
      },
      "geometry": {
        "type": "Point",
        "coordinates": [
          -117.38897063408065,
          49.54439704884278
        ]
      }
    },
    {
      "type": "Feature",
      "properties": {
        "GRID_ID": 999,
        "GRID_X": 1622500.0,
        "GRID_Y": 534500.0,
        "SPACING_M": 500
      },
      "geometry": {
        "type": "Point",
        "coordinates": [
          -117.39300352306947,
          49.485805562037974
        ]
      }
    },
    {
      "type": "Feature",
      "properties": {
        "GRID_ID": 1000,
        "GRID_X": 1622500.0,
        "GRID_Y": 535000.0,
        "SPACING_M": 500
      },
      "geometry": {
        "type": "Point",
        "coordinates": [
          -117.39216705028431,
          49.49027081175331
        ]
      }
    },
    {
      "type": "Feature",
      "properties": {
        "GRID_ID": 1001,
        "GRID_X": 1622500.0,
        "GRID_Y": 535500.0,
        "SPACING_M": 500
      },
      "geometry": {
        "type": "Point",
        "coordinates": [
          -117.39133041570007,
          49.49473602588995
        ]
      }
    },
    {
      "type": "Feature",
      "properties": {
        "GRID_ID": 1002,
        "GRID_X": 1622500.0,
        "GRID_Y": 536000.0,
        "SPACING_M": 500
      },
      "geometry": {
        "type": "Point",
        "coordinates": [
          -117.39049361927005,
          49.49920120446643
        ]
      }
    },
    {
      "type": "Feature",
      "properties": {
        "GRID_ID": 1003,
        "GRID_X": 1622500.0,
        "GRID_Y": 536500.0,
        "SPACING_M": 500
      },
      "geometry": {
        "type": "Point",
        "coordinates": [
          -117.3896566609475,
          49.5036663475011
        ]
      }
    },
    {
      "type": "Feature",
      "properties": {
        "GRID_ID": 1004,
        "GRID_X": 1622500.0,
        "GRID_Y": 537000.0,
        "SPACING_M": 500
      },
      "geometry": {
        "type": "Point",
        "coordinates": [
          -117.38881954068569,
          49.50813145501248
        ]
      }
    },
    {
      "type": "Feature",
      "properties": {
        "GRID_ID": 1005,
        "GRID_X": 1622500.0,
        "GRID_Y": 537500.0,
        "SPACING_M": 500
      },
      "geometry": {
        "type": "Point",
        "coordinates": [
          -117.38798225843782,
          49.51259652701904
        ]
      }
    },
    {
      "type": "Feature",
      "properties": {
        "GRID_ID": 1006,
        "GRID_X": 1622500.0,
        "GRID_Y": 538000.0,
        "SPACING_M": 500
      },
      "geometry": {
        "type": "Point",
        "coordinates": [
          -117.3871448141571,
          49.51706156353913
        ]
      }
    },
    {
      "type": "Feature",
      "properties": {
        "GRID_ID": 1007,
        "GRID_X": 1622500.0,
        "GRID_Y": 538500.0,
        "SPACING_M": 500
      },
      "geometry": {
        "type": "Point",
        "coordinates": [
          -117.38630720779676,
          49.52152656459138
        ]
      }
    },
    {
      "type": "Feature",
      "properties": {
        "GRID_ID": 1008,
        "GRID_X": 1622500.0,
        "GRID_Y": 539000.0,
        "SPACING_M": 500
      },
      "geometry": {
        "type": "Point",
        "coordinates": [
          -117.38546943930997,
          49.525991530194105
        ]
      }
    },
    {
      "type": "Feature",
      "properties": {
        "GRID_ID": 1009,
        "GRID_X": 1622500.0,
        "GRID_Y": 539500.0,
        "SPACING_M": 500
      },
      "geometry": {
        "type": "Point",
        "coordinates": [
          -117.38463150864985,
          49.53045646036581
        ]
      }
    },
    {
      "type": "Feature",
      "properties": {
        "GRID_ID": 1010,
        "GRID_X": 1623000.0,
        "GRID_Y": 534000.0,
        "SPACING_M": 500
      },
      "geometry": {
        "type": "Point",
        "coordinates": [
          -117.38699524401895,
          49.480794523650665
        ]
      }
    },
    {
      "type": "Feature",
      "properties": {
        "GRID_ID": 1011,
        "GRID_X": 1623000.0,
        "GRID_Y": 534500.0,
        "SPACING_M": 500
      },
      "geometry": {
        "type": "Point",
        "coordinates": [
          -117.38615828103353,
          49.485259759755834
        ]
      }
    },
    {
      "type": "Feature",
      "properties": {
        "GRID_ID": 1012,
        "GRID_X": 1623000.0,
        "GRID_Y": 535000.0,
        "SPACING_M": 500
      },
      "geometry": {
        "type": "Point",
        "coordinates": [
          -117.38532115617348,
          49.489724960251976
        ]
      }
    },
    {
      "type": "Feature",
      "properties": {
        "GRID_ID": 1013,
        "GRID_X": 1623000.0,
        "GRID_Y": 535500.0,
        "SPACING_M": 500
      },
      "geometry": {
        "type": "Point",
        "coordinates": [
          -117.38448386939207,
          49.49419012515756
        ]
      }
    },
    {
      "type": "Feature",
      "properties": {
        "GRID_ID": 1014,
        "GRID_X": 1623000.0,
        "GRID_Y": 536000.0,
        "SPACING_M": 500
      },
      "geometry": {
        "type": "Point",
        "coordinates": [
          -117.38364642064249,
          49.49865525449104
        ]
      }
    },
    {
      "type": "Feature",
      "properties": {
        "GRID_ID": 1015,
        "GRID_X": 1623000.0,
        "GRID_Y": 536500.0,
        "SPACING_M": 500
      },
      "geometry": {
        "type": "Point",
        "coordinates": [
          -117.38280880987806,
          49.50312034827078
        ]
      }
    },
    {
      "type": "Feature",
      "properties": {
        "GRID_ID": 1016,
        "GRID_X": 1623000.0,
        "GRID_Y": 537000.0,
        "SPACING_M": 500
      },
      "geometry": {
        "type": "Point",
        "coordinates": [
          -117.38197103705191,
          49.50758540651526
        ]
      }
    },
    {
      "type": "Feature",
      "properties": {
        "GRID_ID": 1017,
        "GRID_X": 1623000.0,
        "GRID_Y": 537500.0,
        "SPACING_M": 500
      },
      "geometry": {
        "type": "Point",
        "coordinates": [
          -117.3811331021173,
          49.51205042924304
        ]
      }
    },
    {
      "type": "Feature",
      "properties": {
        "GRID_ID": 1018,
        "GRID_X": 1623000.0,
        "GRID_Y": 538000.0,
        "SPACING_M": 500
      },
      "geometry": {
        "type": "Point",
        "coordinates": [
          -117.3802950050274,
          49.51651541647247
        ]
      }
    },
    {
      "type": "Feature",
      "properties": {
        "GRID_ID": 1019,
        "GRID_X": 1623000.0,
        "GRID_Y": 538500.0,
        "SPACING_M": 500
      },
      "geometry": {
        "type": "Point",
        "coordinates": [
          -117.37945674573535,
          49.52098036822199
        ]
      }
    },
    {
      "type": "Feature",
      "properties": {
        "GRID_ID": 1020,
        "GRID_X": 1623500.0,
        "GRID_Y": 534500.0,
        "SPACING_M": 500
      },
      "geometry": {
        "type": "Point",
        "coordinates": [
          -117.37931320087226,
          49.484713525276895
        ]
      }
    },
    {
      "type": "Feature",
      "properties": {
        "GRID_ID": 1021,
        "GRID_X": 1623500.0,
        "GRID_Y": 535000.0,
        "SPACING_M": 500
      },
      "geometry": {
        "type": "Point",
        "coordinates": [
          -117.37847542398404,
          49.48917867651639
        ]
      }
    },
    {
      "type": "Feature",
      "properties": {
        "GRID_ID": 1022,
        "GRID_X": 1623500.0,
        "GRID_Y": 535500.0,
        "SPACING_M": 500
      },
      "geometry": {
        "type": "Point",
        "coordinates": [
          -117.37763748505216,
          49.493643792153414
        ]
      }
    },
    {
      "type": "Feature",
      "properties": {
        "GRID_ID": 1023,
        "GRID_X": 1623500.0,
        "GRID_Y": 536000.0,
        "SPACING_M": 500
      },
      "geometry": {
        "type": "Point",
        "coordinates": [
          -117.37679938402985,
          49.498108872206416
        ]
      }
    },
    {
      "type": "Feature",
      "properties": {
        "GRID_ID": 1024,
        "GRID_X": 1623500.0,
        "GRID_Y": 536500.0,
        "SPACING_M": 500
      },
      "geometry": {
        "type": "Point",
        "coordinates": [
          -117.3759611208703,
          49.50257391669376
        ]
      }
    },
    {
      "type": "Feature",
      "properties": {
        "GRID_ID": 1025,
        "GRID_X": 1623500.0,
        "GRID_Y": 537000.0,
        "SPACING_M": 500
      },
      "geometry": {
        "type": "Point",
        "coordinates": [
          -117.37512269552667,
          49.50703892563389
        ]
      }
    },
    {
      "type": "Feature",
      "properties": {
        "GRID_ID": 1026,
        "GRID_X": 1624000.0,
        "GRID_Y": 535000.0,
        "SPACING_M": 500
      },
      "geometry": {
        "type": "Point",
        "coordinates": [
          -117.37162985383826,
          49.48863196056084
        ]
      }
    },
    {
      "type": "Feature",
      "properties": {
        "GRID_ID": 1027,
        "GRID_X": 1624000.0,
        "GRID_Y": 535500.0,
        "SPACING_M": 500
      },
      "geometry": {
        "type": "Point",
        "coordinates": [
          -117.37079126280273,
          49.49309702689184
        ]
      }
    },
    {
      "type": "Feature",
      "properties": {
        "GRID_ID": 1028,
        "GRID_X": 1624000.0,
        "GRID_Y": 536000.0,
        "SPACING_M": 500
      },
      "geometry": {
        "type": "Point",
        "coordinates": [
          -117.36995250955444,
          49.49756205762688
        ]
      }
    }
  ]
}
